timestamp,src_ip,dst_ip,src_mac,dst_mac,protocol,length,info,command,packets_per_second,src_port,dst_port,attack_label
1756154812.4686303,,,a0:14:3d:ed:92:14,ff:ff:ff:ff:ff:ff,802.11,207,"Beacon Frame, SSID='Hidden'",,10.069898371983031,,,normal
1756154812.5679362,,,a0:14:3d:ed:92:14,ff:ff:ff:ff:ff:ff,802.11,207,"Beacon Frame, SSID='Hidden'",,10.069898371983031,,,normal
1756154812.671657,,,a0:14:3d:ed:92:14,ff:ff:ff:ff:ff:ff,802.11,207,"Beacon Frame, SSID='Hidden'",,9.855578235934395,,,normal
1756154812.7720091,,,a0:14:3d:ed:92:14,ff:ff:ff:ff:ff:ff,802.11,207,"Beacon Frame, SSID='Hidden'",,9.892025029365058,,,normal
1756154812.8764622,,,a0:14:3d:ed:92:14,ff:ff:ff:ff:ff:ff,802.11,207,"Beacon Frame, SSID='Hidden'",,9.81243774634063,,,normal
1756154812.9777148,,,a0:14:3d:ed:92:14,ff:ff:ff:ff:ff:ff,802.11,207,"Beacon Frame, SSID='Hidden'",,9.82520897771882,,,normal
1756154813.0792165,,,a0:14:3d:ed:92:14,ff:ff:ff:ff:ff:ff,802.11,207,"Beacon Frame, SSID='Hidden'",,9.829682718496302,,,normal
1756154813.1816208,,,a0:14:3d:ed:92:14,ff:ff:ff:ff:ff:ff,802.11,207,"Beacon Frame, SSID='Hidden'",,9.820472272549816,,,normal
1756154813.2856247,,,a0:14:3d:ed:92:14,ff:ff:ff:ff:ff:ff,802.11,207,"Beacon Frame, SSID='Hidden'",,9.794791172753389,,,normal
1756154813.3920453,,,a0:14:3d:ed:92:14,ff:ff:ff:ff:ff:ff,802.11,207,"Beacon Frame, SSID='Hidden'",,9.75055707474824,,,normal
1756154813.4927633,,,a0:14:3d:ed:92:14,ff:ff:ff:ff:ff:ff,802.11,207,"Beacon Frame, SSID='Hidden'",,9.768372341276947,,,normal
1756154813.5917392,,,a0:14:3d:ed:92:14,ff:ff:ff:ff:ff:ff,802.11,207,"Beacon Frame, SSID='Hidden'",,9.79883576075692,,,normal
1756154813.6948037,,,a0:14:3d:ed:92:14,ff:ff:ff:ff:ff:ff,802.11,207,"Beacon Frame, SSID='Hidden'",,9.790820983819565,,,normal
1756154813.7978575,,,a0:14:3d:ed:92:14,ff:ff:ff:ff:ff:ff,802.11,207,"Beacon Frame, SSID='Hidden'",,9.78411695216023,,,normal
1756154813.9018023,,,a0:14:3d:ed:92:14,ff:ff:ff:ff:ff:ff,802.11,207,"Beacon Frame, SSID='Hidden'",,9.772429517803587,,,normal
1756154814.0085227,,,a0:14:3d:ed:92:14,ff:ff:ff:ff:ff:ff,802.11,207,"Beacon Frame, SSID='Hidden'",,9.745619253113576,,,normal
1756154814.1080103,,,a0:14:3d:ed:92:14,ff:ff:ff:ff:ff:ff,802.11,207,"Beacon Frame, SSID='Hidden'",,9.764737403179346,,,normal
1756154814.2076497,,,a0:14:3d:ed:92:14,ff:ff:ff:ff:ff:ff,802.11,207,"Beacon Frame, SSID='Hidden'",,9.78070513931251,,,normal
1756154814.3116736,,,a0:14:3d:ed:92:14,ff:ff:ff:ff:ff:ff,802.11,207,"Beacon Frame, SSID='Hidden'",,9.77139776191408,,,normal
1756154814.4257314,,,a0:14:3d:ed:92:14,ff:ff:ff:ff:ff:ff,802.11,207,"Beacon Frame, SSID='Hidden'",,9.71856030846215,,,normal
1756154814.5153987,,,a0:14:3d:ed:92:14,ff:ff:ff:ff:ff:ff,802.11,207,"Beacon Frame, SSID='Hidden'",,9.790249046386629,,,normal
1756154814.6163638,,,a0:14:3d:ed:92:14,ff:ff:ff:ff:ff:ff,802.11,207,"Beacon Frame, SSID='Hidden'",,9.7819751310037,,,normal
1756154814.7190738,,,a0:14:3d:ed:92:14,ff:ff:ff:ff:ff:ff,802.11,207,"Beacon Frame, SSID='Hidden'",,9.786719701456086,,,normal
1756154814.821828,,,a0:14:3d:ed:92:14,ff:ff:ff:ff:ff:ff,802.11,207,"Beacon Frame, SSID='Hidden'",,9.775072282879615,,,normal
1756154814.9254107,,,a0:14:3d:ed:92:14,ff:ff:ff:ff:ff:ff,802.11,207,"Beacon Frame, SSID='Hidden'",,9.779093835828926,,,normal
1756154815.0277438,,,a0:14:3d:ed:92:14,ff:ff:ff:ff:ff:ff,802.11,207,"Beacon Frame, SSID='Hidden'",,9.773879752014548,,,normal
1756154815.134707,,,a0:14:3d:ed:92:14,ff:ff:ff:ff:ff:ff,802.11,207,"Beacon Frame, SSID='Hidden'",,9.748727853601073,,,normal
1756154815.231426,,,a0:14:3d:ed:92:14,ff:ff:ff:ff:ff:ff,802.11,207,"Beacon Frame, SSID='Hidden'",,9.777428738811304,,,normal
1756154815.3350744,,,a0:14:3d:ed:92:14,ff:ff:ff:ff:ff:ff,802.11,207,"Beacon Frame, SSID='Hidden'",,9.779077566942593,,,normal
1756154815.437628,,,a0:14:3d:ed:92:14,ff:ff:ff:ff:ff:ff,802.11,207,"Beacon Frame, SSID='Hidden'",,9.796793248836552,,,normal
1756154815.541703,,,a0:14:3d:ed:92:14,ff:ff:ff:ff:ff:ff,802.11,207,"Beacon Frame, SSID='Hidden'",,9.78078074166169,,,normal
1756154815.6407332,,,a0:14:3d:ed:92:14,ff:ff:ff:ff:ff:ff,802.11,207,"Beacon Frame, SSID='Hidden'",,9.780503443112003,,,normal
1756154815.7434916,,,a0:14:3d:ed:92:14,ff:ff:ff:ff:ff:ff,802.11,207,"Beacon Frame, SSID='Hidden'",,9.78194871149179,,,normal
1756154815.8477166,,,a0:14:3d:ed:92:14,ff:ff:ff:ff:ff:ff,802.11,207,"Beacon Frame, SSID='Hidden'",,9.7764970002951,,,normal
1756154815.9496198,,,a0:14:3d:ed:92:14,ff:ff:ff:ff:ff:ff,802.11,207,"Beacon Frame, SSID='Hidden'",,9.78613408204692,,,normal
1756154816.0560915,,,a0:14:3d:ed:92:14,ff:ff:ff:ff:ff:ff,802.11,207,"Beacon Frame, SSID='Hidden'",,9.787228321244815,,,normal
1756154816.1564589,,,a0:14:3d:ed:92:14,ff:ff:ff:ff:ff:ff,802.11,207,"Beacon Frame, SSID='Hidden'",,9.782823021280699,,,normal
1756154816.2571192,,,a0:14:3d:ed:92:14,ff:ff:ff:ff:ff:ff,802.11,207,"Beacon Frame, SSID='Hidden'",,9.777733613305273,,,normal
1756154816.3641431,,,a0:14:3d:ed:92:14,ff:ff:ff:ff:ff:ff,802.11,207,"Beacon Frame, SSID='Hidden'",,9.76426012557312,,,normal
1756154816.4665637,,,a0:14:3d:ed:92:14,ff:ff:ff:ff:ff:ff,802.11,207,"Beacon Frame, SSID='Hidden'",,9.814069009863493,,,normal
1756154816.5713725,,,a0:14:3d:ed:92:14,ff:ff:ff:ff:ff:ff,802.11,207,"Beacon Frame, SSID='Hidden'",,9.733511401192887,,,normal
1756154816.6717424,,,a0:14:3d:ed:92:14,ff:ff:ff:ff:ff:ff,802.11,207,"Beacon Frame, SSID='Hidden'",,9.736447563841237,,,normal
1756154816.7684736,,,a0:14:3d:ed:92:14,ff:ff:ff:ff:ff:ff,802.11,207,"Beacon Frame, SSID='Hidden'",,9.766536470135666,,,normal
1756154816.871053,,,a0:14:3d:ed:92:14,ff:ff:ff:ff:ff:ff,802.11,207,"Beacon Frame, SSID='Hidden'",,9.767365470806135,,,normal
1756154816.973698,,,a0:14:3d:ed:92:14,ff:ff:ff:ff:ff:ff,802.11,207,"Beacon Frame, SSID='Hidden'",,9.771776288410484,,,normal
1756154817.074686,,,a0:14:3d:ed:92:14,ff:ff:ff:ff:ff:ff,802.11,207,"Beacon Frame, SSID='Hidden'",,9.778283273120653,,,normal
1756154817.178825,,,a0:14:3d:ed:92:14,ff:ff:ff:ff:ff:ff,802.11,207,"Beacon Frame, SSID='Hidden'",,9.790960808478312,,,normal
1756154817.28487,,,a0:14:3d:ed:92:14,ff:ff:ff:ff:ff:ff,802.11,207,"Beacon Frame, SSID='Hidden'",,9.74549735814738,,,normal
1756154817.3876684,,,a0:14:3d:ed:92:14,ff:ff:ff:ff:ff:ff,802.11,207,"Beacon Frame, SSID='Hidden'",,9.74948595657435,,,normal
1756154817.4859242,,,a0:14:3d:ed:92:14,ff:ff:ff:ff:ff:ff,802.11,207,"Beacon Frame, SSID='Hidden'",,9.770811495399764,,,normal
1756154817.587254,,,a0:14:3d:ed:92:14,ff:ff:ff:ff:ff:ff,802.11,207,"Beacon Frame, SSID='Hidden'",,9.78382675673538,,,normal
1756154817.6920407,,,a0:14:3d:ed:92:14,ff:ff:ff:ff:ff:ff,802.11,207,"Beacon Frame, SSID='Hidden'",,9.756090648245266,,,normal
1756154817.7932737,,,a0:14:3d:ed:92:14,ff:ff:ff:ff:ff:ff,802.11,207,"Beacon Frame, SSID='Hidden'",,9.763422519647786,,,normal
1756154817.894771,,,a0:14:3d:ed:92:14,ff:ff:ff:ff:ff:ff,802.11,207,"Beacon Frame, SSID='Hidden'",,9.776314201674408,,,normal
1756154817.9998338,,,a0:14:3d:ed:92:14,ff:ff:ff:ff:ff:ff,802.11,207,"Beacon Frame, SSID='Hidden'",,9.761558663603969,,,normal
1756154818.1018617,,,a0:14:3d:ed:92:14,ff:ff:ff:ff:ff:ff,802.11,207,"Beacon Frame, SSID='Hidden'",,9.78201271238897,,,normal
1756154818.203361,,,a0:14:3d:ed:92:14,ff:ff:ff:ff:ff:ff,802.11,207,"Beacon Frame, SSID='Hidden'",,9.776456671837177,,,normal
1756154818.304708,,,a0:14:3d:ed:92:14,ff:ff:ff:ff:ff:ff,802.11,207,"Beacon Frame, SSID='Hidden'",,9.773091296592181,,,normal
1756154818.4077806,,,a0:14:3d:ed:92:14,ff:ff:ff:ff:ff:ff,802.11,207,"Beacon Frame, SSID='Hidden'",,9.79100093522033,,,normal
1756154818.5102158,,,a0:14:3d:ed:92:14,ff:ff:ff:ff:ff:ff,802.11,207,"Beacon Frame, SSID='Hidden'",,9.790931623942416,,,normal
1756154818.6121244,,,a0:14:3d:ed:92:14,ff:ff:ff:ff:ff:ff,802.11,207,"Beacon Frame, SSID='Hidden'",,9.804507802448324,,,normal
1756154818.7151277,,,a0:14:3d:ed:92:14,ff:ff:ff:ff:ff:ff,802.11,207,"Beacon Frame, SSID='Hidden'",,9.79177214959104,,,normal
1756154818.8173895,,,a0:14:3d:ed:92:14,ff:ff:ff:ff:ff:ff,802.11,207,"Beacon Frame, SSID='Hidden'",,9.763816984915243,,,normal
1756154818.9219985,,,a0:14:3d:ed:92:14,ff:ff:ff:ff:ff:ff,802.11,207,"Beacon Frame, SSID='Hidden'",,9.75435976114162,,,normal
1756154819.0226104,,,a0:14:3d:ed:92:14,ff:ff:ff:ff:ff:ff,802.11,207,"Beacon Frame, SSID='Hidden'",,9.764202578845326,,,normal
1756154819.1240566,,,a0:14:3d:ed:92:14,ff:ff:ff:ff:ff:ff,802.11,207,"Beacon Frame, SSID='Hidden'",,9.761967301211632,,,normal
1756154819.227172,,,a0:14:3d:ed:92:14,ff:ff:ff:ff:ff:ff,802.11,207,"Beacon Frame, SSID='Hidden'",,9.766733092412995,,,normal
1756154819.3291044,,,a0:14:3d:ed:92:14,ff:ff:ff:ff:ff:ff,802.11,207,"Beacon Frame, SSID='Hidden'",,9.785755742040287,,,normal
1756154819.43954,,,a0:14:3d:ed:92:14,ff:ff:ff:ff:ff:ff,802.11,207,"Beacon Frame, SSID='Hidden'",,9.752120164225612,,,normal
1756154819.533669,,,a0:14:3d:ed:92:14,ff:ff:ff:ff:ff:ff,802.11,207,"Beacon Frame, SSID='Hidden'",,9.774430171947945,,,normal
1756154819.6366608,,,a0:14:3d:ed:92:14,ff:ff:ff:ff:ff:ff,802.11,207,"Beacon Frame, SSID='Hidden'",,9.766467382138385,,,normal
1756154819.738809,,,a0:14:3d:ed:92:14,ff:ff:ff:ff:ff:ff,802.11,207,"Beacon Frame, SSID='Hidden'",,9.778791724496159,,,normal
1756154819.8410385,,,a0:14:3d:ed:92:14,ff:ff:ff:ff:ff:ff,802.11,207,"Beacon Frame, SSID='Hidden'",,9.773977961415081,,,normal
1756154819.9482017,,,a0:14:3d:ed:92:14,ff:ff:ff:ff:ff:ff,802.11,207,"Beacon Frame, SSID='Hidden'",,9.747932680889251,,,normal
1756154820.0481353,,,a0:14:3d:ed:92:14,ff:ff:ff:ff:ff:ff,802.11,207,"Beacon Frame, SSID='Hidden'",,9.772358592744828,,,normal
1756154820.1521246,,,a0:14:3d:ed:92:14,ff:ff:ff:ff:ff:ff,802.11,207,"Beacon Frame, SSID='Hidden'",,9.763114937020521,,,normal
1756154820.251838,,,a0:14:3d:ed:92:14,ff:ff:ff:ff:ff:ff,802.11,207,"Beacon Frame, SSID='Hidden'",,9.771938288252775,,,normal
1756154820.354292,,,a0:14:3d:ed:92:14,ff:ff:ff:ff:ff:ff,802.11,207,"Beacon Frame, SSID='Hidden'",,9.766607771387978,,,normal
1756154820.4558225,,,a0:14:3d:ed:92:14,ff:ff:ff:ff:ff:ff,802.11,207,"Beacon Frame, SSID='Hidden'",,9.7739756073883,,,normal
1756154820.5643826,,,a0:14:3d:ed:92:14,ff:ff:ff:ff:ff:ff,802.11,207,"Beacon Frame, SSID='Hidden'",,9.746436162528816,,,normal
1756154820.6624243,,,a0:14:3d:ed:92:14,ff:ff:ff:ff:ff:ff,802.11,207,"Beacon Frame, SSID='Hidden'",,9.765787537366684,,,normal
1756154820.7658455,,,a0:14:3d:ed:92:14,ff:ff:ff:ff:ff:ff,802.11,207,"Beacon Frame, SSID='Hidden'",,9.76382584270049,,,normal
1756154820.8715503,,,a0:14:3d:ed:92:14,ff:ff:ff:ff:ff:ff,802.11,207,"Beacon Frame, SSID='Hidden'",,9.747900111991582,,,normal
1756154820.969251,,,a0:14:3d:ed:92:14,ff:ff:ff:ff:ff:ff,802.11,207,"Beacon Frame, SSID='Hidden'",,9.78169742839058,,,normal
1756154821.0714798,,,a0:14:3d:ed:92:14,ff:ff:ff:ff:ff:ff,802.11,207,"Beacon Frame, SSID='Hidden'",,9.773837025190971,,,normal
1756154821.1734748,,,a0:14:3d:ed:92:14,ff:ff:ff:ff:ff:ff,802.11,207,"Beacon Frame, SSID='Hidden'",,9.771184857399136,,,normal
1756154821.2897294,,,a0:14:3d:ed:92:14,ff:ff:ff:ff:ff:ff,802.11,207,"Beacon Frame, SSID='Hidden'",,9.716381484396944,,,normal
1756154821.3787985,,,a0:14:3d:ed:92:14,ff:ff:ff:ff:ff:ff,802.11,207,"Beacon Frame, SSID='Hidden'",,9.787222652245543,,,normal
1756154821.4829175,,,a0:14:3d:ed:92:14,ff:ff:ff:ff:ff:ff,802.11,207,"Beacon Frame, SSID='Hidden'",,9.814689090438277,,,normal
1756154821.5938756,,,a0:14:3d:ed:92:14,ff:ff:ff:ff:ff:ff,802.11,207,"Beacon Frame, SSID='Hidden'",,9.734124199597915,,,normal
1756154821.685634,,,a0:14:3d:ed:92:14,ff:ff:ff:ff:ff:ff,802.11,207,"Beacon Frame, SSID='Hidden'",,9.793558871873683,,,normal
1756154821.7877228,,,a0:14:3d:ed:92:14,ff:ff:ff:ff:ff:ff,802.11,207,"Beacon Frame, SSID='Hidden'",,9.79384351433277,,,normal
1756154821.8926382,,,a0:14:3d:ed:92:14,ff:ff:ff:ff:ff:ff,802.11,207,"Beacon Frame, SSID='Hidden'",,9.781321763474873,,,normal
1756154821.9928286,,,a0:14:3d:ed:92:14,ff:ff:ff:ff:ff:ff,802.11,207,"Beacon Frame, SSID='Hidden'",,9.813793448355813,,,normal
1756154822.0969243,,,a0:14:3d:ed:92:14,ff:ff:ff:ff:ff:ff,802.11,207,"Beacon Frame, SSID='Hidden'",,9.79378859858426,,,normal
1756154822.200101,,,a0:14:3d:ed:92:14,ff:ff:ff:ff:ff:ff,802.11,207,"Beacon Frame, SSID='Hidden'",,9.797576223790344,,,normal
1756154822.3021915,,,a0:14:3d:ed:92:14,ff:ff:ff:ff:ff:ff,802.11,207,"Beacon Frame, SSID='Hidden'",,9.785899799401363,,,normal
1756154822.4025445,,,a0:14:3d:ed:92:14,ff:ff:ff:ff:ff:ff,802.11,207,"Beacon Frame, SSID='Hidden'",,9.796116849496691,,,normal
1756154822.505118,,,a0:14:3d:ed:92:14,ff:ff:ff:ff:ff:ff,802.11,207,"Beacon Frame, SSID='Hidden'",,9.791110082252684,,,normal
1756154822.6083682,,,a0:14:3d:ed:92:14,ff:ff:ff:ff:ff:ff,802.11,207,"Beacon Frame, SSID='Hidden'",,9.814795904528747,,,normal
1756154822.7119124,,,a0:14:3d:ed:92:14,ff:ff:ff:ff:ff:ff,802.11,207,"Beacon Frame, SSID='Hidden'",,9.787694611853656,,,normal
1756154822.8155067,,,a0:14:3d:ed:92:14,ff:ff:ff:ff:ff:ff,802.11,207,"Beacon Frame, SSID='Hidden'",,9.786886816729732,,,normal
1756154822.9167185,,,a0:14:3d:ed:92:14,ff:ff:ff:ff:ff:ff,802.11,207,"Beacon Frame, SSID='Hidden'",,9.80788494126393,,,normal
1756154823.0183306,,,a0:14:3d:ed:92:14,ff:ff:ff:ff:ff:ff,802.11,207,"Beacon Frame, SSID='Hidden'",,9.788184760743563,,,normal
1756154823.1195242,,,a0:14:3d:ed:92:14,ff:ff:ff:ff:ff:ff,802.11,207,"Beacon Frame, SSID='Hidden'",,9.793188250151927,,,normal
1756154823.2232015,,,a0:14:3d:ed:92:14,ff:ff:ff:ff:ff:ff,802.11,207,"Beacon Frame, SSID='Hidden'",,9.785233871480331,,,normal
1756154823.326499,,,a0:14:3d:ed:92:14,ff:ff:ff:ff:ff:ff,802.11,207,"Beacon Frame, SSID='Hidden'",,9.839182196335013,,,normal
1756154823.4296606,,,a0:14:3d:ed:92:14,ff:ff:ff:ff:ff:ff,802.11,207,"Beacon Frame, SSID='Hidden'",,9.762497057825538,,,normal
1756154823.5303977,,,a0:14:3d:ed:92:14,ff:ff:ff:ff:ff:ff,802.11,207,"Beacon Frame, SSID='Hidden'",,9.778619089457624,,,normal
1756154823.6367946,,,a0:14:3d:ed:92:14,ff:ff:ff:ff:ff:ff,802.11,207,"Beacon Frame, SSID='Hidden'",,9.797936981415308,,,normal
1756154823.7342503,,,a0:14:3d:ed:92:14,ff:ff:ff:ff:ff:ff,802.11,207,"Beacon Frame, SSID='Hidden'",,9.766080270677794,,,normal
1756154823.8396883,,,a0:14:3d:ed:92:14,ff:ff:ff:ff:ff:ff,802.11,207,"Beacon Frame, SSID='Hidden'",,9.750523555407725,,,normal
1756154823.9434092,,,a0:14:3d:ed:92:14,ff:ff:ff:ff:ff:ff,802.11,207,"Beacon Frame, SSID='Hidden'",,9.756011912683245,,,normal
1756154824.0420582,,,a0:14:3d:ed:92:14,ff:ff:ff:ff:ff:ff,802.11,207,"Beacon Frame, SSID='Hidden'",,9.763809490484965,,,normal
1756154824.1471295,,,a0:14:3d:ed:92:14,ff:ff:ff:ff:ff:ff,802.11,207,"Beacon Frame, SSID='Hidden'",,9.75934955255827,,,normal
1756154824.2495873,,,a0:14:3d:ed:92:14,ff:ff:ff:ff:ff:ff,802.11,207,"Beacon Frame, SSID='Hidden'",,9.762749493441072,,,normal
1756154824.3561845,,,a0:14:3d:ed:92:14,ff:ff:ff:ff:ff:ff,802.11,207,"Beacon Frame, SSID='Hidden'",,9.742043962192177,,,normal
1756154824.4533055,,,a0:14:3d:ed:92:14,ff:ff:ff:ff:ff:ff,802.11,207,"Beacon Frame, SSID='Hidden'",,9.758624482012433,,,normal
1756154824.5540814,,,a0:14:3d:ed:92:14,ff:ff:ff:ff:ff:ff,802.11,207,"Beacon Frame, SSID='Hidden'",,9.767318733180172,,,normal
1756154824.6594903,,,a0:14:3d:ed:92:14,ff:ff:ff:ff:ff:ff,802.11,207,"Beacon Frame, SSID='Hidden'",,9.757401692275554,,,normal
1756154824.7608774,,,a0:14:3d:ed:92:14,ff:ff:ff:ff:ff:ff,802.11,207,"Beacon Frame, SSID='Hidden'",,9.767676043119222,,,normal
1756154824.8625424,,,a0:14:3d:ed:92:14,ff:ff:ff:ff:ff:ff,802.11,207,"Beacon Frame, SSID='Hidden'",,9.776835264373386,,,normal
1756154824.9659796,,,a0:14:3d:ed:92:14,ff:ff:ff:ff:ff:ff,802.11,207,"Beacon Frame, SSID='Hidden'",,9.766206810001101,,,normal
1756154825.0698285,,,a0:14:3d:ed:92:14,ff:ff:ff:ff:ff:ff,802.11,207,"Beacon Frame, SSID='Hidden'",,9.755607975861674,,,normal
1756154825.093728,,,a0:14:3d:ed:92:14,3e:ea:21:c7:0f:16,802.11,201,Probe Response,,11.353595050803051,,,normal
1756154825.097115,,,,a0:14:3d:ed:92:14,802.11,50,RadioTap / 802.11 Control Ack 00:00:00:00:00:00 (TA) > a0:14:3d:ed:92:14 (RA),,25.63376768515,,,normal
1756154825.1100245,,,a0:14:3d:ed:92:14,3e:ea:21:c7:0f:16,802.11,201,Probe Response,,29.02287171781736,,,normal
1756154825.1123805,,,a0:14:3d:ed:92:14,3e:ea:21:c7:0f:16,802.11,201,Probe Response,,49.76013400289758,,,normal
1756154825.116128,,,a0:14:3d:ed:92:14,3e:ea:21:c7:0f:16,802.11,201,Probe Response,,62.60615158938346,,,normal
1756154825.1711512,,,a0:14:3d:ed:92:14,ff:ff:ff:ff:ff:ff,802.11,207,"Beacon Frame, SSID='Hidden'",,63.04492085466235,,,normal
1756154825.2729492,,,a0:14:3d:ed:92:14,ff:ff:ff:ff:ff:ff,802.11,207,"Beacon Frame, SSID='Hidden'",,63.023035949307925,,,normal
1756154825.3799016,,,a0:14:3d:ed:92:14,ff:ff:ff:ff:ff:ff,802.11,207,"Beacon Frame, SSID='Hidden'",,63.01632115361981,,,normal
1756154825.4794595,,,a0:14:3d:ed:92:14,ff:ff:ff:ff:ff:ff,802.11,207,"Beacon Frame, SSID='Hidden'",,63.03647868275009,,,normal
1756154825.5829337,,,a0:14:3d:ed:92:14,ff:ff:ff:ff:ff:ff,802.11,207,"Beacon Frame, SSID='Hidden'",,63.012843820908884,,,normal
1756154825.6813264,,,a0:14:3d:ed:92:14,ff:ff:ff:ff:ff:ff,802.11,207,"Beacon Frame, SSID='Hidden'",,63.045144161181724,,,normal
1756154825.7837005,,,a0:14:3d:ed:92:14,ff:ff:ff:ff:ff:ff,802.11,207,"Beacon Frame, SSID='Hidden'",,63.04554307800631,,,normal
1756154825.8881123,,,a0:14:3d:ed:92:14,ff:ff:ff:ff:ff:ff,802.11,207,"Beacon Frame, SSID='Hidden'",,63.05536043231541,,,normal
1756154825.9895642,,,a0:14:3d:ed:92:14,ff:ff:ff:ff:ff:ff,802.11,207,"Beacon Frame, SSID='Hidden'",,63.03338323625943,,,normal
1756154826.0920072,,,a0:14:3d:ed:92:14,ff:ff:ff:ff:ff:ff,802.11,207,"Beacon Frame, SSID='Hidden'",,63.025309540399086,,,normal
1756154826.1949604,,,a0:14:3d:ed:92:14,ff:ff:ff:ff:ff:ff,802.11,207,"Beacon Frame, SSID='Hidden'",,63.036623905358,,,normal
1756154826.2966604,,,a0:14:3d:ed:92:14,ff:ff:ff:ff:ff:ff,802.11,207,"Beacon Frame, SSID='Hidden'",,63.03510590732284,,,normal
1756154826.3990057,,,a0:14:3d:ed:92:14,ff:ff:ff:ff:ff:ff,802.11,207,"Beacon Frame, SSID='Hidden'",,63.0318372249399,,,normal
1756154826.504798,,,a0:14:3d:ed:92:14,ff:ff:ff:ff:ff:ff,802.11,207,"Beacon Frame, SSID='Hidden'",,63.02107632894331,,,normal
1756154826.6077392,,,a0:14:3d:ed:92:14,ff:ff:ff:ff:ff:ff,802.11,207,"Beacon Frame, SSID='Hidden'",,63.0253215605739,,,normal
1756154826.7062278,,,a0:14:3d:ed:92:14,ff:ff:ff:ff:ff:ff,802.11,207,"Beacon Frame, SSID='Hidden'",,61.44090554401581,,,normal
1756154826.8100295,,,a0:14:3d:ed:92:14,ff:ff:ff:ff:ff:ff,802.11,207,"Beacon Frame, SSID='Hidden'",,47.160154690536515,,,normal
1756154826.9109595,,,a0:14:3d:ed:92:14,ff:ff:ff:ff:ff:ff,802.11,207,"Beacon Frame, SSID='Hidden'",,43.782404673484834,,,normal
1756154827.0132563,,,a0:14:3d:ed:92:14,ff:ff:ff:ff:ff:ff,802.11,207,"Beacon Frame, SSID='Hidden'",,23.04923949747298,,,normal
1756154827.1160474,,,a0:14:3d:ed:92:14,ff:ff:ff:ff:ff:ff,802.11,207,"Beacon Frame, SSID='Hidden'",,10.193303991727172,,,normal
1756154827.2191885,,,a0:14:3d:ed:92:14,ff:ff:ff:ff:ff:ff,802.11,207,"Beacon Frame, SSID='Hidden'",,9.76936922765042,,,normal
1756154827.325448,,,a0:14:3d:ed:92:14,ff:ff:ff:ff:ff:ff,802.11,207,"Beacon Frame, SSID='Hidden'",,9.748746509179897,,,normal
1756154827.4284177,,,a0:14:3d:ed:92:14,ff:ff:ff:ff:ff:ff,802.11,207,"Beacon Frame, SSID='Hidden'",,9.766828935599339,,,normal
1756154827.5262752,,,a0:14:3d:ed:92:14,ff:ff:ff:ff:ff:ff,802.11,207,"Beacon Frame, SSID='Hidden'",,9.775555670881563,,,normal
1756154827.6280005,,,a0:14:3d:ed:92:14,ff:ff:ff:ff:ff:ff,802.11,207,"Beacon Frame, SSID='Hidden'",,9.783862767123889,,,normal
1756154827.73624,,,a0:14:3d:ed:92:14,ff:ff:ff:ff:ff:ff,802.11,207,"Beacon Frame, SSID='Hidden'",,9.73763406111126,,,normal
1756154827.8370564,,,a0:14:3d:ed:92:14,ff:ff:ff:ff:ff:ff,802.11,207,"Beacon Frame, SSID='Hidden'",,9.745179789937914,,,normal
1756154827.937749,,,a0:14:3d:ed:92:14,ff:ff:ff:ff:ff:ff,802.11,207,"Beacon Frame, SSID='Hidden'",,9.762868158452708,,,normal
1756154828.0408576,,,a0:14:3d:ed:92:14,ff:ff:ff:ff:ff:ff,802.11,207,"Beacon Frame, SSID='Hidden'",,9.754949032302571,,,normal
1756154828.141184,,,a0:14:3d:ed:92:14,ff:ff:ff:ff:ff:ff,802.11,207,"Beacon Frame, SSID='Hidden'",,9.765245263609966,,,normal
1756154828.2462146,,,a0:14:3d:ed:92:14,ff:ff:ff:ff:ff:ff,802.11,207,"Beacon Frame, SSID='Hidden'",,9.755639710048982,,,normal
1756154828.349927,,,a0:14:3d:ed:92:14,ff:ff:ff:ff:ff:ff,802.11,207,"Beacon Frame, SSID='Hidden'",,9.746100751658492,,,normal
1756154828.4519506,,,a0:14:3d:ed:92:14,ff:ff:ff:ff:ff:ff,802.11,207,"Beacon Frame, SSID='Hidden'",,9.747640868961941,,,normal
1756154828.5508237,,,a0:14:3d:ed:92:14,ff:ff:ff:ff:ff:ff,802.11,207,"Beacon Frame, SSID='Hidden'",,9.780715130759756,,,normal
1756154828.583078,,,a0:14:3d:ed:92:14,1e:cc:af:e1:a8:75,802.11,201,Probe Response,,10.845186104686523,,,normal
1756154828.5843084,,,,a0:14:3d:ed:92:14,802.11,50,RadioTap / 802.11 Control Ack 00:00:00:00:00:00 (TA) > a0:14:3d:ed:92:14 (RA),,50.97211867354417,,,normal
1756154828.600248,,,a0:14:3d:ed:92:14,1e:cc:af:e1:a8:75,802.11,201,Probe Response,,53.627250553527084,,,normal
1756154828.6018307,,,,a0:14:3d:ed:92:14,802.11,50,RadioTap / 802.11 Control Ack 00:00:00:00:00:00 (TA) > a0:14:3d:ed:92:14 (RA),,84.72498804777642,,,normal
1756154828.658944,,,a0:14:3d:ed:92:14,ff:ff:ff:ff:ff:ff,802.11,207,"Beacon Frame, SSID='Hidden'",,85.11166915612296,,,normal
1756154828.75567,,,a0:14:3d:ed:92:14,ff:ff:ff:ff:ff:ff,802.11,207,"Beacon Frame, SSID='Hidden'",,85.14216872070264,,,normal
1756154828.8610692,,,a0:14:3d:ed:92:14,ff:ff:ff:ff:ff:ff,802.11,207,"Beacon Frame, SSID='Hidden'",,85.13178298484523,,,normal
1756154828.9598467,,,a0:14:3d:ed:92:14,ff:ff:ff:ff:ff:ff,802.11,207,"Beacon Frame, SSID='Hidden'",,85.16742517897,,,normal
1756154829.0656483,,,a0:14:3d:ed:92:14,ff:ff:ff:ff:ff:ff,802.11,207,"Beacon Frame, SSID='Hidden'",,85.15442791210452,,,normal
1756154829.1656597,,,a0:14:3d:ed:92:14,ff:ff:ff:ff:ff:ff,802.11,207,"Beacon Frame, SSID='Hidden'",,85.14342400551486,,,normal
1756154829.2688894,,,a0:14:3d:ed:92:14,ff:ff:ff:ff:ff:ff,802.11,207,"Beacon Frame, SSID='Hidden'",,85.13626083339034,,,normal
1756154829.3745124,,,a0:14:3d:ed:92:14,ff:ff:ff:ff:ff:ff,802.11,207,"Beacon Frame, SSID='Hidden'",,85.14770360167051,,,normal
1756154829.4740007,,,a0:14:3d:ed:92:14,ff:ff:ff:ff:ff:ff,802.11,207,"Beacon Frame, SSID='Hidden'",,85.15432484981724,,,normal
1756154829.5781083,,,a0:14:3d:ed:92:14,ff:ff:ff:ff:ff:ff,802.11,207,"Beacon Frame, SSID='Hidden'",,85.13803583826135,,,normal
1756154829.6401074,,,a0:14:3d:ed:92:14,12:48:31:5e:a9:88,802.11,201,Probe Response,,85.45957399117842,,,normal
1756154829.6412303,,,,a0:14:3d:ed:92:14,802.11,50,RadioTap / 802.11 Control Ack 00:00:00:00:00:00 (TA) > a0:14:3d:ed:92:14 (RA),,129.48672153745565,,,normal
1756154829.6523514,,,a0:14:3d:ed:92:14,12:48:31:5e:a9:88,802.11,201,Probe Response,,133.50665407347893,,,normal
1756154829.654596,,,,a0:14:3d:ed:92:14,802.11,50,RadioTap / 802.11 Control Ack 00:00:00:00:00:00 (TA) > a0:14:3d:ed:92:14 (RA),,155.29913438577046,,,normal
1756154829.6814797,,,a0:14:3d:ed:92:14,ff:ff:ff:ff:ff:ff,802.11,207,"Beacon Frame, SSID='Hidden'",,156.66892151605953,,,normal
1756154829.780412,,,a0:14:3d:ed:92:14,ff:ff:ff:ff:ff:ff,802.11,207,"Beacon Frame, SSID='Hidden'",,156.66861928053942,,,normal
1756154829.8826182,,,a0:14:3d:ed:92:14,ff:ff:ff:ff:ff:ff,802.11,207,"Beacon Frame, SSID='Hidden'",,155.60764145241416,,,normal
1756154829.9892852,,,a0:14:3d:ed:92:14,ff:ff:ff:ff:ff:ff,802.11,207,"Beacon Frame, SSID='Hidden'",,115.44178410740858,,,normal
1756154830.0887945,,,a0:14:3d:ed:92:14,ff:ff:ff:ff:ff:ff,802.11,207,"Beacon Frame, SSID='Hidden'",,112.80743058031257,,,normal
1756154830.1908743,,,a0:14:3d:ed:92:14,ff:ff:ff:ff:ff:ff,802.11,207,"Beacon Frame, SSID='Hidden'",,81.70411266341495,,,normal
1756154830.2922063,,,a0:14:3d:ed:92:14,ff:ff:ff:ff:ff:ff,802.11,207,"Beacon Frame, SSID='Hidden'",,81.32208564461087,,,normal
1756154830.3454251,,,a0:14:3d:ed:92:14,9e:d9:da:43:0f:b6,802.11,201,Probe Response,,81.74467938752414,,,normal
1756154830.3470156,,,a0:14:3d:ed:92:14,9e:d9:da:43:0f:b6,802.11,201,Probe Response,,112.7071382281525,,,normal
1756154830.3491447,,,a0:14:3d:ed:92:14,9e:d9:da:43:0f:b6,802.11,201,Probe Response,,135.68529514977666,,,normal
1756154830.3656628,,,a0:14:3d:ed:92:14,9e:d9:da:43:0f:b6,802.11,201,Probe Response,,138.23969201628447,,,normal
1756154830.366977,,,a0:14:3d:ed:92:14,9e:d9:da:43:0f:b6,802.11,201,Probe Response,,175.78677342690713,,,normal
1756154830.3732622,,,a0:14:3d:ed:92:14,9e:d9:da:43:0f:b6,802.11,201,Probe Response,,183.25762523733678,,,normal
1756154830.3766656,,,,a0:14:3d:ed:92:14,802.11,50,RadioTap / 802.11 Control Ack 00:00:00:00:00:00 (TA) > a0:14:3d:ed:92:14 (RA),,197.4753258351331,,,normal
1756154830.3955488,,,a0:14:3d:ed:92:14,ff:ff:ff:ff:ff:ff,802.11,207,"Beacon Frame, SSID='Hidden'",,199.62060629257647,,,normal
1756154830.4198277,,,,a0:14:3d:ed:92:14,802.11,50,RadioTap / 802.11 Control Ack 00:00:00:00:00:00 (TA) > a0:14:3d:ed:92:14 (RA),,201.19973718395752,,,normal
1756154830.4848788,,,a0:14:3d:ed:92:14,06:49:44:e6:ac:45,802.11,201,Probe Response,,201.16190039862363,,,normal
1756154830.485729,,,a0:14:3d:ed:92:14,06:49:44:e6:ac:45,802.11,201,Probe Response,,215.4460268916999,,,normal
1756154830.4875865,,,,a0:14:3d:ed:92:14,802.11,50,RadioTap / 802.11 Control Ack 00:00:00:00:00:00 (TA) > a0:14:3d:ed:92:14 (RA),,237.8676652256538,,,normal
1756154830.4963918,,,a0:14:3d:ed:92:14,ff:ff:ff:ff:ff:ff,802.11,207,"Beacon Frame, SSID='Hidden'",,221.27149649678933,,,normal
1756154830.5069857,,,a0:14:3d:ed:92:14,06:49:44:e6:ac:45,802.11,201,Probe Response,,224.13132781687392,,,normal
1756154830.5076954,,,,a0:14:3d:ed:92:14,802.11,50,RadioTap / 802.11 Control Ack 00:00:00:00:00:00 (TA) > a0:14:3d:ed:92:14 (RA),,294.07107765032976,,,normal
1756154830.6021676,,,a0:14:3d:ed:92:14,ff:ff:ff:ff:ff:ff,802.11,207,"Beacon Frame, SSID='Hidden'",,294.11112707642917,,,normal
1756154830.7029912,,,a0:14:3d:ed:92:14,ff:ff:ff:ff:ff:ff,802.11,207,"Beacon Frame, SSID='Hidden'",,294.1382941628676,,,normal
1756154830.8049874,,,a0:14:3d:ed:92:14,ff:ff:ff:ff:ff:ff,802.11,207,"Beacon Frame, SSID='Hidden'",,294.1260426782765,,,normal
1756154830.9098437,,,a0:14:3d:ed:92:14,ff:ff:ff:ff:ff:ff,802.11,207,"Beacon Frame, SSID='Hidden'",,294.11307341941995,,,normal
1756154831.0110843,,,a0:14:3d:ed:92:14,ff:ff:ff:ff:ff:ff,802.11,207,"Beacon Frame, SSID='Hidden'",,294.11351846820185,,,normal
1756154831.1124628,,,a0:14:3d:ed:92:14,ff:ff:ff:ff:ff:ff,802.11,207,"Beacon Frame, SSID='Hidden'",,293.66720309658587,,,normal
1756154831.2162037,,,a0:14:3d:ed:92:14,ff:ff:ff:ff:ff:ff,802.11,207,"Beacon Frame, SSID='Hidden'",,262.7123268893897,,,normal
1756154831.3190506,,,a0:14:3d:ed:92:14,ff:ff:ff:ff:ff:ff,802.11,207,"Beacon Frame, SSID='Hidden'",,239.71414169396616,,,normal
1756154831.4230075,,,a0:14:3d:ed:92:14,ff:ff:ff:ff:ff:ff,802.11,207,"Beacon Frame, SSID='Hidden'",,237.1681304837062,,,normal
1756154831.5219033,,,a0:14:3d:ed:92:14,ff:ff:ff:ff:ff:ff,802.11,207,"Beacon Frame, SSID='Hidden'",,199.6266885141784,,,normal
1756154831.623983,,,a0:14:3d:ed:92:14,ff:ff:ff:ff:ff:ff,802.11,207,"Beacon Frame, SSID='Hidden'",,192.16129394797045,,,normal
1756154831.7278512,,,a0:14:3d:ed:92:14,ff:ff:ff:ff:ff:ff,802.11,207,"Beacon Frame, SSID='Hidden'",,177.95159070912686,,,normal
1756154831.8301983,,,a0:14:3d:ed:92:14,ff:ff:ff:ff:ff:ff,802.11,207,"Beacon Frame, SSID='Hidden'",,175.79227183973927,,,normal
1756154831.9314322,,,a0:14:3d:ed:92:14,ff:ff:ff:ff:ff:ff,802.11,207,"Beacon Frame, SSID='Hidden'",,174.2267741080824,,,normal
1756154832.033455,,,a0:14:3d:ed:92:14,ff:ff:ff:ff:ff:ff,802.11,207,"Beacon Frame, SSID='Hidden'",,173.94823460752713,,,normal
1756154832.138657,,,a0:14:3d:ed:92:14,ff:ff:ff:ff:ff:ff,802.11,207,"Beacon Frame, SSID='Hidden'",,115.61386318539266,,,normal
1756154832.2411091,,,a0:14:3d:ed:92:14,ff:ff:ff:ff:ff:ff,802.11,207,"Beacon Frame, SSID='Hidden'",,89.18427351850453,,,normal
1756154832.3415291,,,a0:14:3d:ed:92:14,ff:ff:ff:ff:ff:ff,802.11,207,"Beacon Frame, SSID='Hidden'",,84.00376792750357,,,normal
1756154832.4472957,,,a0:14:3d:ed:92:14,ff:ff:ff:ff:ff:ff,802.11,207,"Beacon Frame, SSID='Hidden'",,79.75680612017163,,,normal
1756154832.5453916,,,a0:14:3d:ed:92:14,ff:ff:ff:ff:ff:ff,802.11,207,"Beacon Frame, SSID='Hidden'",,9.821365330410899,,,normal
1756154832.6492229,,,a0:14:3d:ed:92:14,ff:ff:ff:ff:ff:ff,802.11,207,"Beacon Frame, SSID='Hidden'",,9.773659337845414,,,normal
1756154832.751692,,,a0:14:3d:ed:92:14,ff:ff:ff:ff:ff:ff,802.11,207,"Beacon Frame, SSID='Hidden'",,9.765695373479117,,,normal
1756154832.853925,,,a0:14:3d:ed:92:14,ff:ff:ff:ff:ff:ff,802.11,207,"Beacon Frame, SSID='Hidden'",,9.764560141526918,,,normal
1756154832.9573796,,,a0:14:3d:ed:92:14,ff:ff:ff:ff:ff:ff,802.11,207,"Beacon Frame, SSID='Hidden'",,9.77102069110715,,,normal
1756154833.0609736,,,a0:14:3d:ed:92:14,ff:ff:ff:ff:ff:ff,802.11,207,"Beacon Frame, SSID='Hidden'",,9.759800984051259,,,normal
1756154833.1643305,,,a0:14:3d:ed:92:14,ff:ff:ff:ff:ff:ff,802.11,207,"Beacon Frame, SSID='Hidden'",,9.750360403393822,,,normal
1756154833.2684426,,,a0:14:3d:ed:92:14,ff:ff:ff:ff:ff:ff,802.11,207,"Beacon Frame, SSID='Hidden'",,9.74864191277751,,,normal
1756154833.368036,,,a0:14:3d:ed:92:14,ff:ff:ff:ff:ff:ff,802.11,207,"Beacon Frame, SSID='Hidden'",,9.764523498496244,,,normal
1756154833.468446,,,a0:14:3d:ed:92:14,ff:ff:ff:ff:ff:ff,802.11,207,"Beacon Frame, SSID='Hidden'",,9.78151356520689,,,normal
1756154833.5723765,,,a0:14:3d:ed:92:14,ff:ff:ff:ff:ff:ff,802.11,207,"Beacon Frame, SSID='Hidden'",,9.757021713660926,,,normal
1756154833.6734436,,,a0:14:3d:ed:92:14,ff:ff:ff:ff:ff:ff,802.11,207,"Beacon Frame, SSID='Hidden'",,9.761929025030309,,,normal
1756154833.7752068,,,a0:14:3d:ed:92:14,ff:ff:ff:ff:ff:ff,802.11,207,"Beacon Frame, SSID='Hidden'",,9.771886468659677,,,normal
1756154833.8779583,,,a0:14:3d:ed:92:14,ff:ff:ff:ff:ff:ff,802.11,207,"Beacon Frame, SSID='Hidden'",,9.769963943143933,,,normal
1756154833.914074,,,a0:14:3d:ed:92:14,1c:ce:51:1e:bc:fc,802.11,201,Probe Response,,10.66050004479539,,,normal
1756154833.9140794,,,,a0:14:3d:ed:92:14,802.11,50,RadioTap / 802.11 Control Ack 00:00:00:00:00:00 (TA) > a0:14:3d:ed:92:14 (RA),,9128.222586697313,,,normal
1756154833.9179282,,,a0:14:3d:ed:92:14,1c:ce:51:1e:bc:fc,802.11,201,Probe Response,,9140.73840357075,,,normal
1756154833.9190216,,,a0:14:3d:ed:92:14,1c:ce:51:1e:bc:fc,802.11,201,Probe Response,,9185.979807757652,,,normal
1756154833.9249492,,,a0:14:3d:ed:92:14,1c:ce:51:1e:bc:fc,802.11,201,Probe Response,,9193.917069104631,,,normal
1756154833.9249566,,,,a0:14:3d:ed:92:14,802.11,50,RadioTap / 802.11 Control Ack 00:00:00:00:00:00 (TA) > a0:14:3d:ed:92:14 (RA),,15958.4507813951,,,normal
1756154833.926126,,,a0:14:3d:ed:92:14,1c:ce:51:1e:bc:fc,802.11,201,Probe Response,,16000.696468521282,,,normal
1756154833.9276817,,,,a0:14:3d:ed:92:14,802.11,50,RadioTap / 802.11 Control Ack 00:00:00:00:00:00 (TA) > a0:14:3d:ed:92:14 (RA),,16032.355178655844,,,normal
1756154833.9833868,,,a0:14:3d:ed:92:14,ff:ff:ff:ff:ff:ff,802.11,207,"Beacon Frame, SSID='Hidden'",,16032.764811541318,,,normal
1756154834.0830815,,,a0:14:3d:ed:92:14,ff:ff:ff:ff:ff:ff,802.11,207,"Beacon Frame, SSID='Hidden'",,16032.777263381682,,,normal
1756154834.195269,,,a0:14:3d:ed:92:14,ff:ff:ff:ff:ff:ff,802.11,207,"Beacon Frame, SSID='Hidden'",,16032.739641505605,,,normal
1756154834.288267,,,a0:14:3d:ed:92:14,ff:ff:ff:ff:ff:ff,802.11,207,"Beacon Frame, SSID='Hidden'",,16032.794635560096,,,normal
1756154834.389953,,,a0:14:3d:ed:92:14,ff:ff:ff:ff:ff:ff,802.11,207,"Beacon Frame, SSID='Hidden'",,16032.802584401099,,,normal
1756154834.4928396,,,a0:14:3d:ed:92:14,ff:ff:ff:ff:ff:ff,802.11,207,"Beacon Frame, SSID='Hidden'",,16032.808304620292,,,normal
1756154834.5944865,,,a0:14:3d:ed:92:14,ff:ff:ff:ff:ff:ff,802.11,207,"Beacon Frame, SSID='Hidden'",,16032.798162241064,,,normal
1756154834.700445,,,a0:14:3d:ed:92:14,ff:ff:ff:ff:ff:ff,802.11,207,"Beacon Frame, SSID='Hidden'",,16032.772086824049,,,normal
1756154834.8002875,,,a0:14:3d:ed:92:14,ff:ff:ff:ff:ff:ff,802.11,207,"Beacon Frame, SSID='Hidden'",,16032.791784471337,,,normal
1756154834.902933,,,a0:14:3d:ed:92:14,ff:ff:ff:ff:ff:ff,802.11,207,"Beacon Frame, SSID='Hidden'",,16032.7841773744,,,normal
1756154835.0062072,,,a0:14:3d:ed:92:14,ff:ff:ff:ff:ff:ff,802.11,207,"Beacon Frame, SSID='Hidden'",,16032.776988201611,,,normal
1756154835.1124618,,,a0:14:3d:ed:92:14,ff:ff:ff:ff:ff:ff,802.11,207,"Beacon Frame, SSID='Hidden'",,16032.760945231066,,,normal
1756154835.2098548,,,a0:14:3d:ed:92:14,ff:ff:ff:ff:ff:ff,802.11,207,"Beacon Frame, SSID='Hidden'",,16031.88988745022,,,normal
1756154835.3131864,,,a0:14:3d:ed:92:14,ff:ff:ff:ff:ff:ff,802.11,207,"Beacon Frame, SSID='Hidden'",,6914.3215927814845,,,normal
1756154835.4151373,,,a0:14:3d:ed:92:14,ff:ff:ff:ff:ff:ff,802.11,207,"Beacon Frame, SSID='Hidden'",,6901.82093290388,,,normal
1756154835.5181344,,,a0:14:3d:ed:92:14,ff:ff:ff:ff:ff:ff,802.11,207,"Beacon Frame, SSID='Hidden'",,6856.576946213774,,,normal
1756154835.623806,,,a0:14:3d:ed:92:14,ff:ff:ff:ff:ff:ff,802.11,207,"Beacon Frame, SSID='Hidden'",,6848.614939905578,,,normal
1756154835.7248216,,,a0:14:3d:ed:92:14,ff:ff:ff:ff:ff:ff,802.11,207,"Beacon Frame, SSID='Hidden'",,84.10346150422167,,,normal
1756154835.8293538,,,a0:14:3d:ed:92:14,ff:ff:ff:ff:ff:ff,802.11,207,"Beacon Frame, SSID='Hidden'",,41.82639036859216,,,normal
1756154835.9315703,,,a0:14:3d:ed:92:14,ff:ff:ff:ff:ff:ff,802.11,207,"Beacon Frame, SSID='Hidden'",,10.175287734541802,,,normal
1756154836.0292194,,,a0:14:3d:ed:92:14,ff:ff:ff:ff:ff:ff,802.11,207,"Beacon Frame, SSID='Hidden'",,9.789740878178145,,,normal
1756154836.1313007,,,a0:14:3d:ed:92:14,ff:ff:ff:ff:ff:ff,802.11,207,"Beacon Frame, SSID='Hidden'",,9.77801552876287,,,normal
1756154836.2361946,,,a0:14:3d:ed:92:14,ff:ff:ff:ff:ff:ff,802.11,207,"Beacon Frame, SSID='Hidden'",,9.809005608433315,,,normal
1756154836.3379807,,,a0:14:3d:ed:92:14,ff:ff:ff:ff:ff:ff,802.11,207,"Beacon Frame, SSID='Hidden'",,9.762584451838169,,,normal
1756154836.4418552,,,a0:14:3d:ed:92:14,ff:ff:ff:ff:ff:ff,802.11,207,"Beacon Frame, SSID='Hidden'",,9.752225028379616,,,normal
1756154836.5441597,,,a0:14:3d:ed:92:14,ff:ff:ff:ff:ff:ff,802.11,207,"Beacon Frame, SSID='Hidden'",,9.75499070920041,,,normal
1756154836.6447434,,,a0:14:3d:ed:92:14,ff:ff:ff:ff:ff:ff,802.11,207,"Beacon Frame, SSID='Hidden'",,9.760189776387742,,,normal
1756154836.7473807,,,a0:14:3d:ed:92:14,ff:ff:ff:ff:ff:ff,802.11,207,"Beacon Frame, SSID='Hidden'",,9.775459120787165,,,normal
1756154836.8496568,,,a0:14:3d:ed:92:14,ff:ff:ff:ff:ff:ff,802.11,207,"Beacon Frame, SSID='Hidden'",,9.763543451145281,,,normal
1756154836.9531252,,,a0:14:3d:ed:92:14,ff:ff:ff:ff:ff:ff,802.11,207,"Beacon Frame, SSID='Hidden'",,9.759668791158996,,,normal
1756154837.0265355,,,a0:14:3d:ed:92:14,1a:17:bf:6b:e1:f9,802.11,201,Probe Response,,9.956625034573138,,,normal
1756154837.0282946,,,a0:14:3d:ed:92:14,1a:17:bf:6b:e1:f9,802.11,201,Probe Response,,37.91045392857593,,,normal
1756154837.0331297,,,a0:14:3d:ed:92:14,1a:17:bf:6b:e1:f9,802.11,201,Probe Response,,47.73805639228617,,,normal
1756154837.0539331,,,a0:14:3d:ed:92:14,ff:ff:ff:ff:ff:ff,802.11,207,"Beacon Frame, SSID='Hidden'",,49.65762447538275,,,normal
1756154837.1633942,,,a0:14:3d:ed:92:14,ff:ff:ff:ff:ff:ff,802.11,207,"Beacon Frame, SSID='Hidden'",,49.62397564502139,,,normal
1756154837.2612364,,,a0:14:3d:ed:92:14,ff:ff:ff:ff:ff:ff,802.11,207,"Beacon Frame, SSID='Hidden'",,49.64955177005855,,,normal
1756154837.3613725,,,a0:14:3d:ed:92:14,ff:ff:ff:ff:ff:ff,802.11,207,"Beacon Frame, SSID='Hidden'",,49.67570865498867,,,normal
1756154837.4661658,,,a0:14:3d:ed:92:14,ff:ff:ff:ff:ff:ff,802.11,207,"Beacon Frame, SSID='Hidden'",,49.65786513732352,,,normal
1756154837.569166,,,a0:14:3d:ed:92:14,ff:ff:ff:ff:ff:ff,802.11,207,"Beacon Frame, SSID='Hidden'",,49.664979936401906,,,normal
1756154837.6738732,,,a0:14:3d:ed:92:14,ff:ff:ff:ff:ff:ff,802.11,207,"Beacon Frame, SSID='Hidden'",,49.65334392742635,,,normal
1756154837.7721746,,,a0:14:3d:ed:92:14,ff:ff:ff:ff:ff:ff,802.11,207,"Beacon Frame, SSID='Hidden'",,49.649946124320124,,,normal
1756154837.875646,,,a0:14:3d:ed:92:14,ff:ff:ff:ff:ff:ff,802.11,207,"Beacon Frame, SSID='Hidden'",,49.64336521153443,,,normal
1756154837.9779394,,,a0:14:3d:ed:92:14,ff:ff:ff:ff:ff:ff,802.11,207,"Beacon Frame, SSID='Hidden'",,49.65548396392613,,,normal
1756154838.0814326,,,a0:14:3d:ed:92:14,ff:ff:ff:ff:ff:ff,802.11,207,"Beacon Frame, SSID='Hidden'",,49.64738139715636,,,normal
1756154838.1898446,,,a0:14:3d:ed:92:14,ff:ff:ff:ff:ff:ff,802.11,207,"Beacon Frame, SSID='Hidden'",,49.6272344917877,,,normal
1756154838.2877617,,,a0:14:3d:ed:92:14,ff:ff:ff:ff:ff:ff,802.11,207,"Beacon Frame, SSID='Hidden'",,49.649133382242084,,,normal
1756154838.3945506,,,a0:14:3d:ed:92:14,ff:ff:ff:ff:ff:ff,802.11,207,"Beacon Frame, SSID='Hidden'",,49.620248971245545,,,normal
1756154838.4940298,,,a0:14:3d:ed:92:14,ff:ff:ff:ff:ff:ff,802.11,207,"Beacon Frame, SSID='Hidden'",,49.63571423718584,,,normal
1756154838.5960994,,,a0:14:3d:ed:92:14,ff:ff:ff:ff:ff:ff,802.11,207,"Beacon Frame, SSID='Hidden'",,49.63670314863823,,,normal
1756154838.6942322,,,a0:14:3d:ed:92:14,ff:ff:ff:ff:ff:ff,802.11,207,"Beacon Frame, SSID='Hidden'",,49.662977291697004,,,normal
1756154838.7958524,,,a0:14:3d:ed:92:14,ff:ff:ff:ff:ff:ff,802.11,207,"Beacon Frame, SSID='Hidden'",,49.473901877398895,,,normal
1756154838.897827,,,a0:14:3d:ed:92:14,ff:ff:ff:ff:ff:ff,802.11,207,"Beacon Frame, SSID='Hidden'",,21.53982374102061,,,normal
1756154839.0036612,,,a0:14:3d:ed:92:14,ff:ff:ff:ff:ff:ff,802.11,207,"Beacon Frame, SSID='Hidden'",,11.671274419912189,,,normal
1756154839.103306,,,a0:14:3d:ed:92:14,ff:ff:ff:ff:ff:ff,802.11,207,"Beacon Frame, SSID='Hidden'",,9.769608922957522,,,normal
1756154839.2058964,,,a0:14:3d:ed:92:14,ff:ff:ff:ff:ff:ff,802.11,207,"Beacon Frame, SSID='Hidden'",,9.800200921938941,,,normal
1756154839.3122523,,,a0:14:3d:ed:92:14,ff:ff:ff:ff:ff:ff,802.11,207,"Beacon Frame, SSID='Hidden'",,9.759293708581277,,,normal
1756154839.40988,,,a0:14:3d:ed:92:14,ff:ff:ff:ff:ff:ff,802.11,207,"Beacon Frame, SSID='Hidden'",,9.772123036636412,,,normal
1756154839.5188427,,,a0:14:3d:ed:92:14,ff:ff:ff:ff:ff:ff,802.11,207,"Beacon Frame, SSID='Hidden'",,9.753865653339307,,,normal
1756154839.616839,,,a0:14:3d:ed:92:14,ff:ff:ff:ff:ff:ff,802.11,207,"Beacon Frame, SSID='Hidden'",,9.778653217360073,,,normal
1756154839.7206843,,,a0:14:3d:ed:92:14,ff:ff:ff:ff:ff:ff,802.11,207,"Beacon Frame, SSID='Hidden'",,9.782616495916002,,,normal
1756154839.8202994,,,a0:14:3d:ed:92:14,ff:ff:ff:ff:ff:ff,802.11,207,"Beacon Frame, SSID='Hidden'",,9.775908747182063,,,normal
1756154839.9233885,,,a0:14:3d:ed:92:14,ff:ff:ff:ff:ff:ff,802.11,207,"Beacon Frame, SSID='Hidden'",,9.777701336984261,,,normal
1756154840.0261445,,,a0:14:3d:ed:92:14,ff:ff:ff:ff:ff:ff,802.11,207,"Beacon Frame, SSID='Hidden'",,9.775500026223146,,,normal
1756154840.1308272,,,a0:14:3d:ed:92:14,ff:ff:ff:ff:ff:ff,802.11,207,"Beacon Frame, SSID='Hidden'",,9.770010474493146,,,normal
1756154840.2319229,,,a0:14:3d:ed:92:14,ff:ff:ff:ff:ff:ff,802.11,207,"Beacon Frame, SSID='Hidden'",,9.80338802675626,,,normal
1756154840.3354871,,,a0:14:3d:ed:92:14,ff:ff:ff:ff:ff:ff,802.11,207,"Beacon Frame, SSID='Hidden'",,9.77554390944753,,,normal
1756154840.4359074,,,a0:14:3d:ed:92:14,ff:ff:ff:ff:ff:ff,802.11,207,"Beacon Frame, SSID='Hidden'",,9.805237947423592,,,normal
1756154840.5378163,,,a0:14:3d:ed:92:14,ff:ff:ff:ff:ff:ff,802.11,207,"Beacon Frame, SSID='Hidden'",,9.793254482319611,,,normal
1756154840.6422288,,,a0:14:3d:ed:92:14,ff:ff:ff:ff:ff:ff,802.11,207,"Beacon Frame, SSID='Hidden'",,9.782262352535557,,,normal
1756154840.743825,,,a0:14:3d:ed:92:14,ff:ff:ff:ff:ff:ff,802.11,207,"Beacon Frame, SSID='Hidden'",,9.764893760129008,,,normal
1756154840.845334,,,a0:14:3d:ed:92:14,ff:ff:ff:ff:ff:ff,802.11,207,"Beacon Frame, SSID='Hidden'",,9.765432291528263,,,normal
1756154840.9472077,,,a0:14:3d:ed:92:14,ff:ff:ff:ff:ff:ff,802.11,207,"Beacon Frame, SSID='Hidden'",,9.765917688573811,,,normal
1756154841.0503182,,,a0:14:3d:ed:92:14,ff:ff:ff:ff:ff:ff,802.11,207,"Beacon Frame, SSID='Hidden'",,9.77839723968947,,,normal
1756154841.1522677,,,a0:14:3d:ed:92:14,ff:ff:ff:ff:ff:ff,802.11,207,"Beacon Frame, SSID='Hidden'",,9.767054527401957,,,normal
1756154841.2568753,,,a0:14:3d:ed:92:14,ff:ff:ff:ff:ff:ff,802.11,207,"Beacon Frame, SSID='Hidden'",,9.75765594754486,,,normal
1756154841.3575437,,,a0:14:3d:ed:92:14,ff:ff:ff:ff:ff:ff,802.11,207,"Beacon Frame, SSID='Hidden'",,9.784216347719873,,,normal
1756154841.460955,,,a0:14:3d:ed:92:14,ff:ff:ff:ff:ff:ff,802.11,207,"Beacon Frame, SSID='Hidden'",,9.755572936798215,,,normal
1756154841.5627909,,,a0:14:3d:ed:92:14,ff:ff:ff:ff:ff:ff,802.11,207,"Beacon Frame, SSID='Hidden'",,9.787686295716146,,,normal
1756154841.6646297,,,a0:14:3d:ed:92:14,ff:ff:ff:ff:ff:ff,802.11,207,"Beacon Frame, SSID='Hidden'",,9.768434487498784,,,normal
1756154841.7664936,,,a0:14:3d:ed:92:14,ff:ff:ff:ff:ff:ff,802.11,207,"Beacon Frame, SSID='Hidden'",,9.777800530789559,,,normal
1756154841.8694055,,,a0:14:3d:ed:92:14,ff:ff:ff:ff:ff:ff,802.11,207,"Beacon Frame, SSID='Hidden'",,9.761720809961432,,,normal
1756154841.9726737,,,a0:14:3d:ed:92:14,ff:ff:ff:ff:ff:ff,802.11,207,"Beacon Frame, SSID='Hidden'",,9.760879858497443,,,normal
1756154842.074048,,,a0:14:3d:ed:92:14,ff:ff:ff:ff:ff:ff,802.11,207,"Beacon Frame, SSID='Hidden'",,9.767511606370297,,,normal
1756154842.1779792,,,a0:14:3d:ed:92:14,ff:ff:ff:ff:ff:ff,802.11,207,"Beacon Frame, SSID='Hidden'",,9.770965234441352,,,normal
1756154842.279976,,,a0:14:3d:ed:92:14,ff:ff:ff:ff:ff:ff,802.11,207,"Beacon Frame, SSID='Hidden'",,9.766596371124376,,,normal
1756154842.3837306,,,a0:14:3d:ed:92:14,ff:ff:ff:ff:ff:ff,802.11,207,"Beacon Frame, SSID='Hidden'",,9.76570995236725,,,normal
1756154842.4848456,,,a0:14:3d:ed:92:14,ff:ff:ff:ff:ff:ff,802.11,207,"Beacon Frame, SSID='Hidden'",,9.762288875196425,,,normal
1756154842.5867405,,,a0:14:3d:ed:92:14,ff:ff:ff:ff:ff:ff,802.11,207,"Beacon Frame, SSID='Hidden'",,9.762356607780564,,,normal
1756154842.688429,,,a0:14:3d:ed:92:14,ff:ff:ff:ff:ff:ff,802.11,207,"Beacon Frame, SSID='Hidden'",,9.775184083879642,,,normal
1756154842.7935596,,,a0:14:3d:ed:92:14,ff:ff:ff:ff:ff:ff,802.11,207,"Beacon Frame, SSID='Hidden'",,9.758638963209645,,,normal
1756154842.8952005,,,a0:14:3d:ed:92:14,ff:ff:ff:ff:ff:ff,802.11,207,"Beacon Frame, SSID='Hidden'",,9.758000020959589,,,normal
1756154842.9970326,,,a0:14:3d:ed:92:14,ff:ff:ff:ff:ff:ff,802.11,207,"Beacon Frame, SSID='Hidden'",,9.758199966913761,,,normal
1756154843.1006722,,,a0:14:3d:ed:92:14,ff:ff:ff:ff:ff:ff,802.11,207,"Beacon Frame, SSID='Hidden'",,9.755724605872238,,,normal
1756154843.2019908,,,a0:14:3d:ed:92:14,ff:ff:ff:ff:ff:ff,802.11,207,"Beacon Frame, SSID='Hidden'",,9.758778302344755,,,normal
1756154843.3093047,,,a0:14:3d:ed:92:14,ff:ff:ff:ff:ff:ff,802.11,207,"Beacon Frame, SSID='Hidden'",,9.74672446860082,,,normal
1756154843.4059775,,,a0:14:3d:ed:92:14,ff:ff:ff:ff:ff:ff,802.11,207,"Beacon Frame, SSID='Hidden'",,9.76725313446182,,,normal
1756154843.5086365,,,a0:14:3d:ed:92:14,ff:ff:ff:ff:ff:ff,802.11,207,"Beacon Frame, SSID='Hidden'",,9.77079592046877,,,normal
1756154843.6119382,,,a0:14:3d:ed:92:14,ff:ff:ff:ff:ff:ff,802.11,207,"Beacon Frame, SSID='Hidden'",,9.76382909332945,,,normal
1756154843.7146487,,,a0:14:3d:ed:92:14,ff:ff:ff:ff:ff:ff,802.11,207,"Beacon Frame, SSID='Hidden'",,9.759662432825603,,,normal
1756154843.822355,,,a0:14:3d:ed:92:14,ff:ff:ff:ff:ff:ff,802.11,207,"Beacon Frame, SSID='Hidden'",,9.7330365796958,,,normal
1756154843.92153,,,a0:14:3d:ed:92:14,ff:ff:ff:ff:ff:ff,802.11,207,"Beacon Frame, SSID='Hidden'",,9.751343784191917,,,normal
1756154844.0231907,,,a0:14:3d:ed:92:14,ff:ff:ff:ff:ff:ff,802.11,207,"Beacon Frame, SSID='Hidden'",,9.758999384448583,,,normal
1756154844.1290083,,,a0:14:3d:ed:92:14,ff:ff:ff:ff:ff:ff,802.11,207,"Beacon Frame, SSID='Hidden'",,9.738289540378927,,,normal
1756154844.2262342,,,a0:14:3d:ed:92:14,ff:ff:ff:ff:ff:ff,802.11,207,"Beacon Frame, SSID='Hidden'",,9.771468235598203,,,normal
1756154844.3325384,,,a0:14:3d:ed:92:14,ff:ff:ff:ff:ff:ff,802.11,207,"Beacon Frame, SSID='Hidden'",,9.751604547048325,,,normal
1756154844.4314642,,,a0:14:3d:ed:92:14,ff:ff:ff:ff:ff:ff,802.11,207,"Beacon Frame, SSID='Hidden'",,9.775128114337013,,,normal
1756154844.5339546,,,a0:14:3d:ed:92:14,ff:ff:ff:ff:ff:ff,802.11,207,"Beacon Frame, SSID='Hidden'",,9.76849203135452,,,normal
1756154844.638256,,,a0:14:3d:ed:92:14,ff:ff:ff:ff:ff:ff,802.11,207,"Beacon Frame, SSID='Hidden'",,9.757169832314414,,,normal
1756154844.738345,,,a0:14:3d:ed:92:14,ff:ff:ff:ff:ff:ff,802.11,207,"Beacon Frame, SSID='Hidden'",,9.765028964952815,,,normal
1756154844.8438349,,,a0:14:3d:ed:92:14,ff:ff:ff:ff:ff:ff,802.11,207,"Beacon Frame, SSID='Hidden'",,9.76340800674407,,,normal
1756154844.943517,,,a0:14:3d:ed:92:14,ff:ff:ff:ff:ff:ff,802.11,207,"Beacon Frame, SSID='Hidden'",,9.773074850784003,,,normal
1756154845.0476856,,,a0:14:3d:ed:92:14,ff:ff:ff:ff:ff:ff,802.11,207,"Beacon Frame, SSID='Hidden'",,9.762061633547352,,,normal
1756154845.151113,,,a0:14:3d:ed:92:14,ff:ff:ff:ff:ff:ff,802.11,207,"Beacon Frame, SSID='Hidden'",,9.763051413645854,,,normal
1756154845.250364,,,a0:14:3d:ed:92:14,ff:ff:ff:ff:ff:ff,802.11,207,"Beacon Frame, SSID='Hidden'",,9.773331698948883,,,normal
1756154845.3528275,,,a0:14:3d:ed:92:14,ff:ff:ff:ff:ff:ff,802.11,207,"Beacon Frame, SSID='Hidden'",,9.79538743046139,,,normal
1756154845.4575312,,,a0:14:3d:ed:92:14,ff:ff:ff:ff:ff:ff,802.11,207,"Beacon Frame, SSID='Hidden'",,9.755716928325548,,,normal
1756154845.558857,,,a0:14:3d:ed:92:14,ff:ff:ff:ff:ff:ff,802.11,207,"Beacon Frame, SSID='Hidden'",,9.76212548839221,,,normal
1756154845.6613605,,,a0:14:3d:ed:92:14,ff:ff:ff:ff:ff:ff,802.11,207,"Beacon Frame, SSID='Hidden'",,9.765894686436152,,,normal
1756154845.7646072,,,a0:14:3d:ed:92:14,ff:ff:ff:ff:ff:ff,802.11,207,"Beacon Frame, SSID='Hidden'",,9.763366502656314,,,normal
1756154845.8654923,,,a0:14:3d:ed:92:14,ff:ff:ff:ff:ff:ff,802.11,207,"Beacon Frame, SSID='Hidden'",,9.79475420754421,,,normal
1756154845.967249,,,a0:14:3d:ed:92:14,ff:ff:ff:ff:ff:ff,802.11,207,"Beacon Frame, SSID='Hidden'",,9.78196352352607,,,normal
1756154846.0725007,,,a0:14:3d:ed:92:14,ff:ff:ff:ff:ff:ff,802.11,207,"Beacon Frame, SSID='Hidden'",,9.765182824856437,,,normal
1756154846.172312,,,a0:14:3d:ed:92:14,ff:ff:ff:ff:ff:ff,802.11,207,"Beacon Frame, SSID='Hidden'",,9.793616646792845,,,normal
1756154846.2778468,,,a0:14:3d:ed:92:14,ff:ff:ff:ff:ff:ff,802.11,207,"Beacon Frame, SSID='Hidden'",,9.753127816354421,,,normal
1756154846.3800008,,,a0:14:3d:ed:92:14,ff:ff:ff:ff:ff:ff,802.11,207,"Beacon Frame, SSID='Hidden'",,9.77223639070506,,,normal
1756154846.4818292,,,a0:14:3d:ed:92:14,ff:ff:ff:ff:ff:ff,802.11,207,"Beacon Frame, SSID='Hidden'",,9.757829672909816,,,normal
1756154846.5849571,,,a0:14:3d:ed:92:14,ff:ff:ff:ff:ff:ff,802.11,207,"Beacon Frame, SSID='Hidden'",,9.754813808609677,,,normal
1756154846.6871889,,,a0:14:3d:ed:92:14,ff:ff:ff:ff:ff:ff,802.11,207,"Beacon Frame, SSID='Hidden'",,9.764518991910455,,,normal
1756154846.7872958,,,a0:14:3d:ed:92:14,ff:ff:ff:ff:ff:ff,802.11,207,"Beacon Frame, SSID='Hidden'",,9.764428569972821,,,normal
1756154846.8898284,,,a0:14:3d:ed:92:14,ff:ff:ff:ff:ff:ff,802.11,207,"Beacon Frame, SSID='Hidden'",,9.778099517442953,,,normal
1756154846.9947453,,,a0:14:3d:ed:92:14,ff:ff:ff:ff:ff:ff,802.11,207,"Beacon Frame, SSID='Hidden'",,9.753072961164197,,,normal
1756154847.09716,,,a0:14:3d:ed:92:14,ff:ff:ff:ff:ff:ff,802.11,207,"Beacon Frame, SSID='Hidden'",,9.761292583276859,,,normal
1756154847.1967976,,,a0:14:3d:ed:92:14,ff:ff:ff:ff:ff:ff,802.11,207,"Beacon Frame, SSID='Hidden'",,9.77968079286774,,,normal
1756154847.2989774,,,a0:14:3d:ed:92:14,ff:ff:ff:ff:ff:ff,802.11,207,"Beacon Frame, SSID='Hidden'",,9.765241365373157,,,normal
1756154847.401992,,,a0:14:3d:ed:92:14,ff:ff:ff:ff:ff:ff,802.11,207,"Beacon Frame, SSID='Hidden'",,9.762630228862278,,,normal
1756154847.5054257,,,a0:14:3d:ed:92:14,ff:ff:ff:ff:ff:ff,802.11,207,"Beacon Frame, SSID='Hidden'",,9.768493895007527,,,normal
1756154847.6114483,,,a0:14:3d:ed:92:14,ff:ff:ff:ff:ff:ff,802.11,207,"Beacon Frame, SSID='Hidden'",,9.746633497139188,,,normal
1756154847.7103517,,,a0:14:3d:ed:92:14,ff:ff:ff:ff:ff:ff,802.11,207,"Beacon Frame, SSID='Hidden'",,9.764389160072136,,,normal
1756154847.8160338,,,a0:14:3d:ed:92:14,ff:ff:ff:ff:ff:ff,802.11,207,"Beacon Frame, SSID='Hidden'",,9.753228991327488,,,normal
1756154847.915484,,,a0:14:3d:ed:92:14,ff:ff:ff:ff:ff:ff,802.11,207,"Beacon Frame, SSID='Hidden'",,9.760380569875203,,,normal
1756154848.0172744,,,a0:14:3d:ed:92:14,ff:ff:ff:ff:ff:ff,802.11,207,"Beacon Frame, SSID='Hidden'",,9.760217140909589,,,normal
1756154848.1202347,,,a0:14:3d:ed:92:14,ff:ff:ff:ff:ff:ff,802.11,207,"Beacon Frame, SSID='Hidden'",,9.770789677280266,,,normal
1756154848.2245796,,,a0:14:3d:ed:92:14,ff:ff:ff:ff:ff:ff,802.11,207,"Beacon Frame, SSID='Hidden'",,9.749024828592052,,,normal
1756154848.3241556,,,a0:14:3d:ed:92:14,ff:ff:ff:ff:ff:ff,802.11,207,"Beacon Frame, SSID='Hidden'",,9.777376467552234,,,normal
1756154848.4266822,,,a0:14:3d:ed:92:14,ff:ff:ff:ff:ff:ff,802.11,207,"Beacon Frame, SSID='Hidden'",,9.775597464057824,,,normal
1756154848.530574,,,a0:14:3d:ed:92:14,ff:ff:ff:ff:ff:ff,802.11,207,"Beacon Frame, SSID='Hidden'",,9.7658447151261,,,normal
1756154848.6335034,,,a0:14:3d:ed:92:14,ff:ff:ff:ff:ff:ff,802.11,207,"Beacon Frame, SSID='Hidden'",,9.766780205759554,,,normal
1756154848.7424552,,,a0:14:3d:ed:92:14,ff:ff:ff:ff:ff:ff,802.11,207,"Beacon Frame, SSID='Hidden'",,9.736613814954756,,,normal
1756154848.8385606,,,a0:14:3d:ed:92:14,ff:ff:ff:ff:ff:ff,802.11,207,"Beacon Frame, SSID='Hidden'",,9.757410485619708,,,normal
1756154848.9393218,,,a0:14:3d:ed:92:14,ff:ff:ff:ff:ff:ff,802.11,207,"Beacon Frame, SSID='Hidden'",,9.765983698594557,,,normal
1756154849.0429325,,,a0:14:3d:ed:92:14,ff:ff:ff:ff:ff:ff,802.11,207,"Beacon Frame, SSID='Hidden'",,9.771991038585517,,,normal
1756154849.1480727,,,a0:14:3d:ed:92:14,ff:ff:ff:ff:ff:ff,802.11,207,"Beacon Frame, SSID='Hidden'",,9.75933602634389,,,normal
1756154849.2510865,,,a0:14:3d:ed:92:14,ff:ff:ff:ff:ff:ff,802.11,207,"Beacon Frame, SSID='Hidden'",,9.742889054446565,,,normal
1756154849.356156,,,a0:14:3d:ed:92:14,ff:ff:ff:ff:ff:ff,802.11,207,"Beacon Frame, SSID='Hidden'",,9.729430252094627,,,normal
1756154849.4557464,,,a0:14:3d:ed:92:14,ff:ff:ff:ff:ff:ff,802.11,207,"Beacon Frame, SSID='Hidden'",,9.746119585048898,,,normal
1756154849.560438,,,a0:14:3d:ed:92:14,ff:ff:ff:ff:ff:ff,802.11,207,"Beacon Frame, SSID='Hidden'",,9.740311382362272,,,normal
1756154849.6635947,,,a0:14:3d:ed:92:14,ff:ff:ff:ff:ff:ff,802.11,207,"Beacon Frame, SSID='Hidden'",,9.753412798742215,,,normal
1756154849.7589617,,,a0:14:3d:ed:92:14,ff:ff:ff:ff:ff:ff,802.11,207,"Beacon Frame, SSID='Hidden'",,9.77215971685589,,,normal
1756154849.8609276,,,a0:14:3d:ed:92:14,ff:ff:ff:ff:ff:ff,802.11,207,"Beacon Frame, SSID='Hidden'",,9.789402846098671,,,normal
1756154849.9630256,,,a0:14:3d:ed:92:14,ff:ff:ff:ff:ff:ff,802.11,207,"Beacon Frame, SSID='Hidden'",,9.77636381531334,,,normal
1756154850.066282,,,a0:14:3d:ed:92:14,ff:ff:ff:ff:ff:ff,802.11,207,"Beacon Frame, SSID='Hidden'",,9.76938967946029,,,normal
1756154850.1685538,,,a0:14:3d:ed:92:14,ff:ff:ff:ff:ff:ff,802.11,207,"Beacon Frame, SSID='Hidden'",,9.77265917994962,,,normal
1756154850.2717602,,,a0:14:3d:ed:92:14,ff:ff:ff:ff:ff:ff,802.11,207,"Beacon Frame, SSID='Hidden'",,9.777944920780394,,,normal
1756154850.3733528,,,a0:14:3d:ed:92:14,ff:ff:ff:ff:ff:ff,802.11,207,"Beacon Frame, SSID='Hidden'",,9.76797799330958,,,normal
1756154850.4755175,,,a0:14:3d:ed:92:14,ff:ff:ff:ff:ff:ff,802.11,207,"Beacon Frame, SSID='Hidden'",,9.769705596450013,,,normal
1756154850.5789633,,,a0:14:3d:ed:92:14,ff:ff:ff:ff:ff:ff,802.11,207,"Beacon Frame, SSID='Hidden'",,9.77178093847127,,,normal
1756154850.6835485,,,a0:14:3d:ed:92:14,ff:ff:ff:ff:ff:ff,802.11,207,"Beacon Frame, SSID='Hidden'",,9.764090112323982,,,normal
1756154850.7855668,,,a0:14:3d:ed:92:14,ff:ff:ff:ff:ff:ff,802.11,207,"Beacon Frame, SSID='Hidden'",,9.79527948763552,,,normal
1756154850.8858483,,,a0:14:3d:ed:92:14,ff:ff:ff:ff:ff:ff,802.11,207,"Beacon Frame, SSID='Hidden'",,9.77361358396314,,,normal
1756154850.9912298,,,a0:14:3d:ed:92:14,ff:ff:ff:ff:ff:ff,802.11,207,"Beacon Frame, SSID='Hidden'",,9.751857340575127,,,normal
1756154851.0906467,,,a0:14:3d:ed:92:14,ff:ff:ff:ff:ff:ff,802.11,207,"Beacon Frame, SSID='Hidden'",,9.77221419059534,,,normal
1756154851.1958206,,,a0:14:3d:ed:92:14,ff:ff:ff:ff:ff:ff,802.11,207,"Beacon Frame, SSID='Hidden'",,9.772062187405533,,,normal
1756154851.2953744,,,a0:14:3d:ed:92:14,ff:ff:ff:ff:ff:ff,802.11,207,"Beacon Frame, SSID='Hidden'",,9.788930988283276,,,normal
1756154851.3988557,,,a0:14:3d:ed:92:14,ff:ff:ff:ff:ff:ff,802.11,207,"Beacon Frame, SSID='Hidden'",,9.796235238625528,,,normal
1756154851.500765,,,a0:14:3d:ed:92:14,ff:ff:ff:ff:ff:ff,802.11,207,"Beacon Frame, SSID='Hidden'",,9.784810198662047,,,normal
1756154851.6033227,,,a0:14:3d:ed:92:14,ff:ff:ff:ff:ff:ff,802.11,207,"Beacon Frame, SSID='Hidden'",,9.794747159781208,,,normal
1756154851.7050805,,,a0:14:3d:ed:92:14,ff:ff:ff:ff:ff:ff,802.11,207,"Beacon Frame, SSID='Hidden'",,9.801411156327728,,,normal
1756154851.8075433,,,a0:14:3d:ed:92:14,ff:ff:ff:ff:ff:ff,802.11,207,"Beacon Frame, SSID='Hidden'",,9.765102664435306,,,normal
1756154851.910941,,,a0:14:3d:ed:92:14,ff:ff:ff:ff:ff:ff,802.11,207,"Beacon Frame, SSID='Hidden'",,9.75831285406127,,,normal
1756154852.0148084,,,a0:14:3d:ed:92:14,ff:ff:ff:ff:ff:ff,802.11,207,"Beacon Frame, SSID='Hidden'",,9.74996962709893,,,normal
1756154852.1202395,,,a0:14:3d:ed:92:14,ff:ff:ff:ff:ff:ff,802.11,207,"Beacon Frame, SSID='Hidden'",,9.739981900351196,,,normal
1756154852.2170298,,,a0:14:3d:ed:92:14,ff:ff:ff:ff:ff:ff,802.11,207,"Beacon Frame, SSID='Hidden'",,9.767669173423563,,,normal
1756154852.3293242,,,a0:14:3d:ed:92:14,ff:ff:ff:ff:ff:ff,802.11,207,"Beacon Frame, SSID='Hidden'",,9.728461113244027,,,normal
1756154852.4218526,,,a0:14:3d:ed:92:14,ff:ff:ff:ff:ff:ff,802.11,207,"Beacon Frame, SSID='Hidden'",,9.776673958118733,,,normal
1756154852.5261457,,,a0:14:3d:ed:92:14,ff:ff:ff:ff:ff:ff,802.11,207,"Beacon Frame, SSID='Hidden'",,9.7666864080867,,,normal
1756154852.6328363,,,a0:14:3d:ed:92:14,ff:ff:ff:ff:ff:ff,802.11,207,"Beacon Frame, SSID='Hidden'",,9.751986008035358,,,normal
1756154852.731456,,,a0:14:3d:ed:92:14,ff:ff:ff:ff:ff:ff,802.11,207,"Beacon Frame, SSID='Hidden'",,9.780904855336114,,,normal
1756154852.8324068,,,a0:14:3d:ed:92:14,ff:ff:ff:ff:ff:ff,802.11,207,"Beacon Frame, SSID='Hidden'",,9.786088156640675,,,normal
1756154852.935259,,,a0:14:3d:ed:92:14,ff:ff:ff:ff:ff:ff,802.11,207,"Beacon Frame, SSID='Hidden'",,9.773625380696895,,,normal
1756154853.0404043,,,a0:14:3d:ed:92:14,ff:ff:ff:ff:ff:ff,802.11,207,"Beacon Frame, SSID='Hidden'",,9.774691559163397,,,normal
1756154853.1408408,,,a0:14:3d:ed:92:14,ff:ff:ff:ff:ff:ff,802.11,207,"Beacon Frame, SSID='Hidden'",,9.769586557140299,,,normal
1756154853.2432697,,,a0:14:3d:ed:92:14,ff:ff:ff:ff:ff:ff,802.11,207,"Beacon Frame, SSID='Hidden'",,9.782326525991857,,,normal
1756154853.2689176,,,a0:14:3d:ed:92:14,02:92:30:13:2f:1a,802.11,201,Probe Response,,11.229564613224202,,,normal
1756154853.2738268,,,,a0:14:3d:ed:92:14,802.11,50,RadioTap / 802.11 Control Ack 00:00:00:00:00:00 (TA) > a0:14:3d:ed:92:14 (RA),,20.93118467690025,,,normal
1756154853.2781775,,,a0:14:3d:ed:92:14,02:92:30:13:2f:1a,802.11,201,Probe Response,,31.933056085295185,,,normal
1756154853.2792115,,,,a0:14:3d:ed:92:14,802.11,50,RadioTap / 802.11 Control Ack 00:00:00:00:00:00 (TA) > a0:14:3d:ed:92:14 (RA),,79.80042515726805,,,normal
1756154853.3456128,,,a0:14:3d:ed:92:14,ff:ff:ff:ff:ff:ff,802.11,207,"Beacon Frame, SSID='Hidden'",,80.06206011288201,,,normal
1756154853.450289,,,a0:14:3d:ed:92:14,ff:ff:ff:ff:ff:ff,802.11,207,"Beacon Frame, SSID='Hidden'",,80.05174126991673,,,normal
1756154853.550046,,,a0:14:3d:ed:92:14,ff:ff:ff:ff:ff:ff,802.11,207,"Beacon Frame, SSID='Hidden'",,80.06938926835755,,,normal
1756154853.6550145,,,a0:14:3d:ed:92:14,ff:ff:ff:ff:ff:ff,802.11,207,"Beacon Frame, SSID='Hidden'",,80.06434003977793,,,normal
1756154853.753934,,,a0:14:3d:ed:92:14,ff:ff:ff:ff:ff:ff,802.11,207,"Beacon Frame, SSID='Hidden'",,80.09555864616297,,,normal
1756154853.8612852,,,a0:14:3d:ed:92:14,ff:ff:ff:ff:ff:ff,802.11,207,"Beacon Frame, SSID='Hidden'",,80.0447385605707,,,normal
1756154853.959497,,,a0:14:3d:ed:92:14,ff:ff:ff:ff:ff:ff,802.11,207,"Beacon Frame, SSID='Hidden'",,80.10858449680988,,,normal
1756154854.062013,,,a0:14:3d:ed:92:14,ff:ff:ff:ff:ff:ff,802.11,207,"Beacon Frame, SSID='Hidden'",,80.0559385839253,,,normal
1756154854.1674178,,,a0:14:3d:ed:92:14,ff:ff:ff:ff:ff:ff,802.11,207,"Beacon Frame, SSID='Hidden'",,80.05088197583655,,,normal
1756154854.2667522,,,a0:14:3d:ed:92:14,ff:ff:ff:ff:ff:ff,802.11,207,"Beacon Frame, SSID='Hidden'",,80.08558722908002,,,normal
1756154854.3714366,,,a0:14:3d:ed:92:14,ff:ff:ff:ff:ff:ff,802.11,207,"Beacon Frame, SSID='Hidden'",,80.05621543044023,,,normal
1756154854.4712124,,,a0:14:3d:ed:92:14,ff:ff:ff:ff:ff:ff,802.11,207,"Beacon Frame, SSID='Hidden'",,80.06204781574243,,,normal
1756154854.573153,,,a0:14:3d:ed:92:14,ff:ff:ff:ff:ff:ff,802.11,207,"Beacon Frame, SSID='Hidden'",,80.06639558478881,,,normal
1756154854.6812918,,,a0:14:3d:ed:92:14,ff:ff:ff:ff:ff:ff,802.11,207,"Beacon Frame, SSID='Hidden'",,80.05323150988843,,,normal
1756154854.7789054,,,a0:14:3d:ed:92:14,ff:ff:ff:ff:ff:ff,802.11,207,"Beacon Frame, SSID='Hidden'",,80.06762811996683,,,normal
1756154854.882236,,,a0:14:3d:ed:92:14,ff:ff:ff:ff:ff:ff,802.11,207,"Beacon Frame, SSID='Hidden'",,80.06336840973128,,,normal
1756154854.9855435,,,a0:14:3d:ed:92:14,ff:ff:ff:ff:ff:ff,802.11,207,"Beacon Frame, SSID='Hidden'",,78.59788147485803,,,normal
1756154855.0860658,,,a0:14:3d:ed:92:14,ff:ff:ff:ff:ff:ff,802.11,207,"Beacon Frame, SSID='Hidden'",,68.91048445999525,,,normal
1756154855.1918151,,,a0:14:3d:ed:92:14,ff:ff:ff:ff:ff:ff,802.11,207,"Beacon Frame, SSID='Hidden'",,57.89079723346815,,,normal
1756154855.2913575,,,a0:14:3d:ed:92:14,ff:ff:ff:ff:ff:ff,802.11,207,"Beacon Frame, SSID='Hidden'",,10.038196155286752,,,normal
1756154855.3942802,,,a0:14:3d:ed:92:14,ff:ff:ff:ff:ff:ff,802.11,207,"Beacon Frame, SSID='Hidden'",,9.770999789515233,,,normal
1756154855.4976344,,,a0:14:3d:ed:92:14,ff:ff:ff:ff:ff:ff,802.11,207,"Beacon Frame, SSID='Hidden'",,9.777109706548886,,,normal
1756154855.5983176,,,a0:14:3d:ed:92:14,ff:ff:ff:ff:ff:ff,802.11,207,"Beacon Frame, SSID='Hidden'",,9.772498645515588,,,normal
1756154855.701712,,,a0:14:3d:ed:92:14,ff:ff:ff:ff:ff:ff,802.11,207,"Beacon Frame, SSID='Hidden'",,9.779751279103532,,,normal
1756154855.8050077,,,a0:14:3d:ed:92:14,ff:ff:ff:ff:ff:ff,802.11,207,"Beacon Frame, SSID='Hidden'",,9.75833598536816,,,normal
1756154855.9063947,,,a0:14:3d:ed:92:14,ff:ff:ff:ff:ff:ff,802.11,207,"Beacon Frame, SSID='Hidden'",,9.78573520995825,,,normal
1756154856.0087457,,,a0:14:3d:ed:92:14,ff:ff:ff:ff:ff:ff,802.11,207,"Beacon Frame, SSID='Hidden'",,9.76514648554474,,,normal
1756154856.110839,,,a0:14:3d:ed:92:14,ff:ff:ff:ff:ff:ff,802.11,207,"Beacon Frame, SSID='Hidden'",,9.767165923683063,,,normal
1756154856.1838305,,,a0:14:3d:ed:92:14,68:c6:ac:98:80:e6,802.11,201,Probe Response,,9.977814707110898,,,normal
1756154856.1856918,,,,a0:14:3d:ed:92:14,802.11,50,RadioTap / 802.11 Control Ack 00:00:00:00:00:00 (TA) > a0:14:3d:ed:92:14 (RA),,36.33692157424315,,,normal
1756154856.2136872,,,a0:14:3d:ed:92:14,ff:ff:ff:ff:ff:ff,802.11,207,"Beacon Frame, SSID='Hidden'",,37.64530629567423,,,normal
1756154856.3165977,,,a0:14:3d:ed:92:14,ff:ff:ff:ff:ff:ff,802.11,207,"Beacon Frame, SSID='Hidden'",,37.630041716072576,,,normal
1756154856.4193273,,,a0:14:3d:ed:92:14,ff:ff:ff:ff:ff:ff,802.11,207,"Beacon Frame, SSID='Hidden'",,37.626274989271494,,,normal
1756154856.5219383,,,a0:14:3d:ed:92:14,ff:ff:ff:ff:ff:ff,802.11,207,"Beacon Frame, SSID='Hidden'",,37.65118313858897,,,normal
1756154856.7276776,,,a0:14:3d:ed:92:14,ff:ff:ff:ff:ff:ff,802.11,207,"Beacon Frame, SSID='Hidden'",,37.3819853426136,,,normal
1756154856.8320355,,,a0:14:3d:ed:92:14,ff:ff:ff:ff:ff:ff,802.11,207,"Beacon Frame, SSID='Hidden'",,37.377221778448266,,,normal
1756154856.92973,,,a0:14:3d:ed:92:14,ff:ff:ff:ff:ff:ff,802.11,207,"Beacon Frame, SSID='Hidden'",,37.40502982325428,,,normal
1756154857.0206232,,,a0:14:3d:ed:92:14,a6:67:43:f9:71:12,802.11,201,Probe Response,,37.45772339573042,,,normal
1756154857.0265217,,,a0:14:3d:ed:92:14,a6:67:43:f9:71:12,802.11,201,Probe Response,,45.46167370447656,,,normal
1756154857.038853,,,a0:14:3d:ed:92:14,ff:ff:ff:ff:ff:ff,802.11,207,"Beacon Frame, SSID='Hidden'",,49.01411493662215,,,normal
1756154857.135531,,,a0:14:3d:ed:92:14,ff:ff:ff:ff:ff:ff,802.11,207,"Beacon Frame, SSID='Hidden'",,49.04549399759772,,,normal
1756154857.2375937,,,a0:14:3d:ed:92:14,ff:ff:ff:ff:ff:ff,802.11,207,"Beacon Frame, SSID='Hidden'",,49.051615720641564,,,normal
1756154857.3405108,,,a0:14:3d:ed:92:14,ff:ff:ff:ff:ff:ff,802.11,207,"Beacon Frame, SSID='Hidden'",,49.04083606992391,,,normal
1756154857.4426985,,,a0:14:3d:ed:92:14,ff:ff:ff:ff:ff:ff,802.11,207,"Beacon Frame, SSID='Hidden'",,49.046546273927795,,,normal
1756154857.5451128,,,a0:14:3d:ed:92:14,ff:ff:ff:ff:ff:ff,802.11,207,"Beacon Frame, SSID='Hidden'",,49.05071224239008,,,normal
1756154857.6494863,,,a0:14:3d:ed:92:14,ff:ff:ff:ff:ff:ff,802.11,207,"Beacon Frame, SSID='Hidden'",,49.03660149322263,,,normal
1756154857.7492578,,,a0:14:3d:ed:92:14,ff:ff:ff:ff:ff:ff,802.11,207,"Beacon Frame, SSID='Hidden'",,49.04923136209084,,,normal
1756154857.8531637,,,a0:14:3d:ed:92:14,ff:ff:ff:ff:ff:ff,802.11,207,"Beacon Frame, SSID='Hidden'",,49.040687427528454,,,normal
1756154857.9545636,,,a0:14:3d:ed:92:14,ff:ff:ff:ff:ff:ff,802.11,207,"Beacon Frame, SSID='Hidden'",,48.848774327801564,,,normal
1756154858.0570996,,,a0:14:3d:ed:92:14,ff:ff:ff:ff:ff:ff,802.11,207,"Beacon Frame, SSID='Hidden'",,22.473951345529393,,,normal
1756154858.16048,,,a0:14:3d:ed:92:14,ff:ff:ff:ff:ff:ff,802.11,207,"Beacon Frame, SSID='Hidden'",,21.17159080308868,,,normal
1756154858.2620718,,,a0:14:3d:ed:92:14,ff:ff:ff:ff:ff:ff,802.11,207,"Beacon Frame, SSID='Hidden'",,21.17789740222637,,,normal
1756154858.368345,,,a0:14:3d:ed:92:14,ff:ff:ff:ff:ff:ff,802.11,207,"Beacon Frame, SSID='Hidden'",,21.16166818769272,,,normal
1756154858.4691453,,,a0:14:3d:ed:92:14,ff:ff:ff:ff:ff:ff,802.11,207,"Beacon Frame, SSID='Hidden'",,21.170421692261037,,,normal
1756154858.5710878,,,a0:14:3d:ed:92:14,ff:ff:ff:ff:ff:ff,802.11,207,"Beacon Frame, SSID='Hidden'",,21.41786802205961,,,normal
1756154858.6721213,,,a0:14:3d:ed:92:14,ff:ff:ff:ff:ff:ff,802.11,207,"Beacon Frame, SSID='Hidden'",,21.43363348479553,,,normal
1756154858.7002594,,,a0:14:3d:ed:92:14,c0:b5:d7:87:f1:5f,802.11,201,Probe Response,,22.69877968699251,,,normal
1756154858.7023013,,,a0:14:3d:ed:92:14,c0:b5:d7:87:f1:5f,802.11,201,Probe Response,,46.63668020869788,,,normal
1756154858.70531,,,,a0:14:3d:ed:92:14,802.11,50,RadioTap / 802.11 Control Ack 00:00:00:00:00:00 (TA) > a0:14:3d:ed:92:14 (RA),,54.77760005080861,,,normal
1756154858.726846,,,a0:14:3d:ed:92:14,c0:b5:d7:87:f1:5f,802.11,201,Probe Response,,53.044567751280354,,,normal
1756154858.7279727,,,,a0:14:3d:ed:92:14,802.11,50,RadioTap / 802.11 Control Ack 00:00:00:00:00:00 (TA) > a0:14:3d:ed:92:14 (RA),,96.90216493109307,,,normal
1756154858.7774644,,,a0:14:3d:ed:92:14,ff:ff:ff:ff:ff:ff,802.11,207,"Beacon Frame, SSID='Hidden'",,97.42254155844913,,,normal
1756154858.820125,,,a0:14:3d:ed:92:14,c0:b5:d7:87:f1:5f,802.11,201,Probe Response,,98.1087526297702,,,normal
1756154858.8215437,,,a0:14:3d:ed:92:14,c0:b5:d7:87:f1:5f,802.11,201,Probe Response,,132.86570873382092,,,normal
1756154858.8236623,,,a0:14:3d:ed:92:14,c0:b5:d7:87:f1:5f,802.11,201,Probe Response,,155.97812619853548,,,normal
1756154858.8501863,,,a0:14:3d:ed:92:14,c0:b5:d7:87:f1:5f,802.11,201,Probe Response,,157.38415764095183,,,normal
1756154858.85282,,,a0:14:3d:ed:92:14,c0:b5:d7:87:f1:5f,802.11,201,Probe Response,,175.86863627772647,,,normal
1756154858.8552778,,,,a0:14:3d:ed:92:14,802.11,50,RadioTap / 802.11 Control Ack 00:00:00:00:00:00 (TA) > a0:14:3d:ed:92:14 (RA),,195.7303553833362,,,normal
1756154858.8795807,,,a0:14:3d:ed:92:14,ff:ff:ff:ff:ff:ff,802.11,207,"Beacon Frame, SSID='Hidden'",,197.2946208501284,,,normal
1756154858.9811926,,,a0:14:3d:ed:92:14,ff:ff:ff:ff:ff:ff,802.11,207,"Beacon Frame, SSID='Hidden'",,197.29905564241534,,,normal
1756154859.082188,,,a0:14:3d:ed:92:14,ff:ff:ff:ff:ff:ff,802.11,207,"Beacon Frame, SSID='Hidden'",,197.31047769687467,,,normal
1756154859.1358628,,,a0:14:3d:ed:92:14,c0:b5:d7:87:f1:5f,802.11,201,Probe Response,,197.74984559041405,,,normal
1756154859.1382475,,,a0:14:3d:ed:92:14,c0:b5:d7:87:f1:5f,802.11,201,Probe Response,,218.24668650786663,,,normal
1756154859.138255,,,a0:14:3d:ed:92:14,c0:b5:d7:87:f1:5f,802.11,201,Probe Response,,6982.757107731944,,,normal
1756154859.165008,,,a0:14:3d:ed:92:14,c0:b5:d7:87:f1:5f,802.11,201,Probe Response,,6984.135571550847,,,normal
1756154859.1669364,,,,a0:14:3d:ed:92:14,802.11,50,RadioTap / 802.11 Control Ack 00:00:00:00:00:00 (TA) > a0:14:3d:ed:92:14 (RA),,7009.569864972742,,,normal
1756154859.1845636,,,a0:14:3d:ed:92:14,ff:ff:ff:ff:ff:ff,802.11,207,"Beacon Frame, SSID='Hidden'",,7010.629437749987,,,normal
1756154859.289144,,,a0:14:3d:ed:92:14,ff:ff:ff:ff:ff:ff,802.11,207,"Beacon Frame, SSID='Hidden'",,6986.619542534795,,,normal
1756154859.3905556,,,a0:14:3d:ed:92:14,ff:ff:ff:ff:ff:ff,802.11,207,"Beacon Frame, SSID='Hidden'",,6970.494896658532,,,normal
1756154859.444012,,,a0:14:3d:ed:92:14,b6:b3:2f:fa:36:04,802.11,201,Probe Response,,6969.108532439614,,,normal
1756154859.4445584,,,a0:14:3d:ed:92:14,b6:b3:2f:fa:36:04,802.11,201,Probe Response,,7016.232532974327,,,normal
1756154859.4455357,,,,a0:14:3d:ed:92:14,802.11,50,RadioTap / 802.11 Control Ack 00:00:00:00:00:00 (TA) > a0:14:3d:ed:92:14 (RA),,7066.384788866015,,,normal
1756154859.4673676,,,a0:14:3d:ed:92:14,b6:b3:2f:fa:36:04,802.11,201,Probe Response,,7067.502967646318,,,normal
1756154859.469137,,,,a0:14:3d:ed:92:14,802.11,50,RadioTap / 802.11 Control Ack 00:00:00:00:00:00 (TA) > a0:14:3d:ed:92:14 (RA),,7060.5164110043115,,,normal
1756154859.4918432,,,a0:14:3d:ed:92:14,ff:ff:ff:ff:ff:ff,802.11,207,"Beacon Frame, SSID='Hidden'",,7039.117815722896,,,normal
1756154859.59821,,,a0:14:3d:ed:92:14,ff:ff:ff:ff:ff:ff,802.11,207,"Beacon Frame, SSID='Hidden'",,7037.7028064402575,,,normal
1756154859.698,,,a0:14:3d:ed:92:14,ff:ff:ff:ff:ff:ff,802.11,207,"Beacon Frame, SSID='Hidden'",,7019.218235608365,,,normal
1756154859.8012235,,,a0:14:3d:ed:92:14,ff:ff:ff:ff:ff:ff,802.11,207,"Beacon Frame, SSID='Hidden'",,6999.359697480353,,,normal
1756154859.9037333,,,a0:14:3d:ed:92:14,ff:ff:ff:ff:ff:ff,802.11,207,"Beacon Frame, SSID='Hidden'",,6997.790093416472,,,normal
1756154860.004575,,,a0:14:3d:ed:92:14,ff:ff:ff:ff:ff:ff,802.11,207,"Beacon Frame, SSID='Hidden'",,6997.793851166032,,,normal
1756154860.1145935,,,a0:14:3d:ed:92:14,ff:ff:ff:ff:ff:ff,802.11,207,"Beacon Frame, SSID='Hidden'",,6997.753247689058,,,normal
1756154860.2213917,,,a0:14:3d:ed:92:14,ff:ff:ff:ff:ff:ff,802.11,207,"Beacon Frame, SSID='Hidden'",,6997.289887020011,,,normal
1756154860.3170712,,,a0:14:3d:ed:92:14,ff:ff:ff:ff:ff:ff,802.11,207,"Beacon Frame, SSID='Hidden'",,6976.845138349259,,,normal
1756154860.4204624,,,a0:14:3d:ed:92:14,ff:ff:ff:ff:ff:ff,802.11,207,"Beacon Frame, SSID='Hidden'",,212.32228702598763,,,normal
1756154860.5184782,,,a0:14:3d:ed:92:14,ff:ff:ff:ff:ff:ff,802.11,207,"Beacon Frame, SSID='Hidden'",,210.963472739873,,,normal
1756154860.621639,,,a0:14:3d:ed:92:14,ff:ff:ff:ff:ff:ff,802.11,207,"Beacon Frame, SSID='Hidden'",,185.5189736633574,,,normal
1756154860.722113,,,a0:14:3d:ed:92:14,ff:ff:ff:ff:ff:ff,802.11,207,"Beacon Frame, SSID='Hidden'",,183.1800963771725,,,normal
1756154860.82365,,,a0:14:3d:ed:92:14,ff:ff:ff:ff:ff:ff,802.11,207,"Beacon Frame, SSID='Hidden'",,183.19442671170742,,,normal
1756154860.925398,,,a0:14:3d:ed:92:14,ff:ff:ff:ff:ff:ff,802.11,207,"Beacon Frame, SSID='Hidden'",,183.19279542465915,,,normal
1756154861.0351412,,,a0:14:3d:ed:92:14,ff:ff:ff:ff:ff:ff,802.11,207,"Beacon Frame, SSID='Hidden'",,182.71306152281713,,,normal
1756154861.1313004,,,a0:14:3d:ed:92:14,ff:ff:ff:ff:ff:ff,802.11,207,"Beacon Frame, SSID='Hidden'",,91.73425410456596,,,normal
1756154861.2373495,,,a0:14:3d:ed:92:14,ff:ff:ff:ff:ff:ff,802.11,207,"Beacon Frame, SSID='Hidden'",,41.04320655327244,,,normal
1756154861.3366635,,,a0:14:3d:ed:92:14,ff:ff:ff:ff:ff:ff,802.11,207,"Beacon Frame, SSID='Hidden'",,39.25644305539214,,,normal
1756154861.4393044,,,a0:14:3d:ed:92:14,ff:ff:ff:ff:ff:ff,802.11,207,"Beacon Frame, SSID='Hidden'",,11.483882997377204,,,normal
1756154861.5447843,,,a0:14:3d:ed:92:14,ff:ff:ff:ff:ff:ff,802.11,207,"Beacon Frame, SSID='Hidden'",,9.755871784744885,,,normal
1756154861.644624,,,a0:14:3d:ed:92:14,ff:ff:ff:ff:ff:ff,802.11,207,"Beacon Frame, SSID='Hidden'",,9.786603468279203,,,normal
1756154861.7065692,,,a0:14:3d:ed:92:14,6e:b5:3e:f3:16:80,802.11,201,Probe Response,,10.092715588053585,,,normal
1756154861.708003,,,a0:14:3d:ed:92:14,6e:b5:3e:f3:16:80,802.11,201,Probe Response,,44.47949733348262,,,normal
1756154861.7098987,,,,a0:14:3d:ed:92:14,802.11,50,RadioTap / 802.11 Control Ack 00:00:00:00:00:00 (TA) > a0:14:3d:ed:92:14 (RA),,70.36769150053733,,,normal
1756154861.7267034,,,a0:14:3d:ed:92:14,6e:b5:3e:f3:16:80,802.11,201,Probe Response,,72.84722411810719,,,normal
1756154861.729713,,,,a0:14:3d:ed:92:14,802.11,50,RadioTap / 802.11 Control Ack 00:00:00:00:00:00 (TA) > a0:14:3d:ed:92:14 (RA),,89.00649189248466,,,normal
1756154861.7459314,,,a0:14:3d:ed:92:14,ff:ff:ff:ff:ff:ff,802.11,207,"Beacon Frame, SSID='Hidden'",,91.62123271986259,,,normal
1756154861.8514376,,,a0:14:3d:ed:92:14,ff:ff:ff:ff:ff:ff,802.11,207,"Beacon Frame, SSID='Hidden'",,91.572560736946,,,normal
1756154861.9509747,,,a0:14:3d:ed:92:14,ff:ff:ff:ff:ff:ff,802.11,207,"Beacon Frame, SSID='Hidden'",,91.59128553851419,,,normal
1756154862.0558271,,,a0:14:3d:ed:92:14,ff:ff:ff:ff:ff:ff,802.11,207,"Beacon Frame, SSID='Hidden'",,91.5580242576178,,,normal
1756154862.1559136,,,a0:14:3d:ed:92:14,ff:ff:ff:ff:ff:ff,802.11,207,"Beacon Frame, SSID='Hidden'",,91.57291242394913,,,normal
1756154862.259896,,,a0:14:3d:ed:92:14,ff:ff:ff:ff:ff:ff,802.11,207,"Beacon Frame, SSID='Hidden'",,91.55612103344247,,,normal
1756154862.36412,,,a0:14:3d:ed:92:14,ff:ff:ff:ff:ff:ff,802.11,207,"Beacon Frame, SSID='Hidden'",,91.54342575774844,,,normal
1756154862.4634964,,,a0:14:3d:ed:92:14,ff:ff:ff:ff:ff:ff,802.11,207,"Beacon Frame, SSID='Hidden'",,91.55515407179652,,,normal
1756154862.565548,,,a0:14:3d:ed:92:14,ff:ff:ff:ff:ff:ff,802.11,207,"Beacon Frame, SSID='Hidden'",,91.58949335701385,,,normal
1756154862.668712,,,a0:14:3d:ed:92:14,ff:ff:ff:ff:ff:ff,802.11,207,"Beacon Frame, SSID='Hidden'",,91.55418780825335,,,normal
1756154862.775963,,,a0:14:3d:ed:92:14,ff:ff:ff:ff:ff:ff,802.11,207,"Beacon Frame, SSID='Hidden'",,91.5489033060088,,,normal
1756154862.8752446,,,a0:14:3d:ed:92:14,ff:ff:ff:ff:ff:ff,802.11,207,"Beacon Frame, SSID='Hidden'",,91.54906773186033,,,normal
1756154862.9758725,,,a0:14:3d:ed:92:14,ff:ff:ff:ff:ff:ff,802.11,207,"Beacon Frame, SSID='Hidden'",,91.5588124250564,,,normal
1756154863.0811124,,,a0:14:3d:ed:92:14,ff:ff:ff:ff:ff:ff,802.11,207,"Beacon Frame, SSID='Hidden'",,91.55989383245443,,,normal
1756154863.1844203,,,a0:14:3d:ed:92:14,ff:ff:ff:ff:ff:ff,802.11,207,"Beacon Frame, SSID='Hidden'",,91.54308078145387,,,normal
1756154863.2835371,,,a0:14:3d:ed:92:14,ff:ff:ff:ff:ff:ff,802.11,207,"Beacon Frame, SSID='Hidden'",,91.24037107673776,,,normal
1756154863.3884904,,,a0:14:3d:ed:92:14,ff:ff:ff:ff:ff:ff,802.11,207,"Beacon Frame, SSID='Hidden'",,56.84560621198078,,,normal
1756154863.488031,,,a0:14:3d:ed:92:14,ff:ff:ff:ff:ff:ff,802.11,207,"Beacon Frame, SSID='Hidden'",,30.97196174851673,,,normal
1756154863.58995,,,a0:14:3d:ed:92:14,ff:ff:ff:ff:ff:ff,802.11,207,"Beacon Frame, SSID='Hidden'",,28.487187624487184,,,normal
1756154863.6924975,,,a0:14:3d:ed:92:14,ff:ff:ff:ff:ff:ff,802.11,207,"Beacon Frame, SSID='Hidden'",,12.361030163198892,,,normal
1756154863.7958655,,,a0:14:3d:ed:92:14,ff:ff:ff:ff:ff:ff,802.11,207,"Beacon Frame, SSID='Hidden'",,9.761825014356528,,,normal
1756154863.8975651,,,a0:14:3d:ed:92:14,ff:ff:ff:ff:ff:ff,802.11,207,"Beacon Frame, SSID='Hidden'",,9.779563196639456,,,normal
1756154864.0012088,,,a0:14:3d:ed:92:14,ff:ff:ff:ff:ff:ff,802.11,207,"Beacon Frame, SSID='Hidden'",,9.759660301232998,,,normal
1756154864.1048856,,,a0:14:3d:ed:92:14,ff:ff:ff:ff:ff:ff,802.11,207,"Beacon Frame, SSID='Hidden'",,9.765067657722065,,,normal
1756154864.204273,,,a0:14:3d:ed:92:14,ff:ff:ff:ff:ff:ff,802.11,207,"Beacon Frame, SSID='Hidden'",,9.768581379872236,,,normal
1756154864.3116546,,,a0:14:3d:ed:92:14,ff:ff:ff:ff:ff:ff,802.11,207,"Beacon Frame, SSID='Hidden'",,9.7533601967675,,,normal
1756154864.410018,,,a0:14:3d:ed:92:14,ff:ff:ff:ff:ff:ff,802.11,207,"Beacon Frame, SSID='Hidden'",,9.781943243475272,,,normal
1756154864.512204,,,a0:14:3d:ed:92:14,ff:ff:ff:ff:ff:ff,802.11,207,"Beacon Frame, SSID='Hidden'",,9.768109868486633,,,normal
1756154864.6146646,,,a0:14:3d:ed:92:14,ff:ff:ff:ff:ff:ff,802.11,207,"Beacon Frame, SSID='Hidden'",,9.766153498397776,,,normal
1756154864.7164965,,,a0:14:3d:ed:92:14,ff:ff:ff:ff:ff:ff,802.11,207,"Beacon Frame, SSID='Hidden'",,9.77249331762144,,,normal
1756154864.8206298,,,a0:14:3d:ed:92:14,ff:ff:ff:ff:ff:ff,802.11,207,"Beacon Frame, SSID='Hidden'",,9.786451416890715,,,normal
1756154864.9239764,,,a0:14:3d:ed:92:14,ff:ff:ff:ff:ff:ff,802.11,207,"Beacon Frame, SSID='Hidden'",,9.76664208623965,,,normal
1756154865.0247629,,,a0:14:3d:ed:92:14,ff:ff:ff:ff:ff:ff,802.11,207,"Beacon Frame, SSID='Hidden'",,9.765860438274832,,,normal
1756154865.128215,,,a0:14:3d:ed:92:14,ff:ff:ff:ff:ff:ff,802.11,207,"Beacon Frame, SSID='Hidden'",,9.774070293258628,,,normal
1756154865.2345712,,,a0:14:3d:ed:92:14,ff:ff:ff:ff:ff:ff,802.11,207,"Beacon Frame, SSID='Hidden'",,9.760199079861167,,,normal
1756154865.3317072,,,a0:14:3d:ed:92:14,ff:ff:ff:ff:ff:ff,802.11,207,"Beacon Frame, SSID='Hidden'",,9.770485849103553,,,normal
1756154865.4360642,,,a0:14:3d:ed:92:14,ff:ff:ff:ff:ff:ff,802.11,207,"Beacon Frame, SSID='Hidden'",,9.773207962013862,,,normal
1756154865.5365083,,,a0:14:3d:ed:92:14,ff:ff:ff:ff:ff:ff,802.11,207,"Beacon Frame, SSID='Hidden'",,9.768689139589323,,,normal
1756154865.6165562,,,a0:14:3d:ed:92:14,12:36:d5:5e:48:d4,802.11,201,Probe Response,,9.902730744702463,,,normal
1756154865.6169088,,,,a0:14:3d:ed:92:14,802.11,50,RadioTap / 802.11 Control Ack 00:00:00:00:00:00 (TA) > a0:14:3d:ed:92:14 (RA),,151.21041844874017,,,normal
1756154865.6265726,,,a0:14:3d:ed:92:14,12:36:d5:5e:48:d4,802.11,201,Probe Response,,155.90064724855785,,,normal
1756154865.6265738,,,,a0:14:3d:ed:92:14,802.11,50,RadioTap / 802.11 Control Ack 00:00:00:00:00:00 (TA) > a0:14:3d:ed:92:14 (RA),,42098.449003185255,,,normal
1756154865.6423302,,,a0:14:3d:ed:92:14,ff:ff:ff:ff:ff:ff,802.11,207,"Beacon Frame, SSID='Hidden'",,42101.139901007016,,,normal
1756154865.7419412,,,a0:14:3d:ed:92:14,ff:ff:ff:ff:ff:ff,802.11,207,"Beacon Frame, SSID='Hidden'",,42101.159585391215,,,normal
1756154865.8462176,,,a0:14:3d:ed:92:14,ff:ff:ff:ff:ff:ff,802.11,207,"Beacon Frame, SSID='Hidden'",,42101.135998343576,,,normal
1756154865.9468863,,,a0:14:3d:ed:92:14,ff:ff:ff:ff:ff:ff,802.11,207,"Beacon Frame, SSID='Hidden'",,42101.1670480095,,,normal
1756154866.0505486,,,a0:14:3d:ed:92:14,ff:ff:ff:ff:ff:ff,802.11,207,"Beacon Frame, SSID='Hidden'",,42101.141064506635,,,normal
1756154866.1509671,,,a0:14:3d:ed:92:14,ff:ff:ff:ff:ff:ff,802.11,207,"Beacon Frame, SSID='Hidden'",,42101.14967640367,,,normal
1756154866.256696,,,a0:14:3d:ed:92:14,ff:ff:ff:ff:ff:ff,802.11,207,"Beacon Frame, SSID='Hidden'",,42101.134591809336,,,normal
1756154866.355688,,,a0:14:3d:ed:92:14,ff:ff:ff:ff:ff:ff,802.11,207,"Beacon Frame, SSID='Hidden'",,42101.14867736044,,,normal
1756154866.458645,,,a0:14:3d:ed:92:14,ff:ff:ff:ff:ff:ff,802.11,207,"Beacon Frame, SSID='Hidden'",,42101.154163456515,,,normal
1756154866.565617,,,a0:14:3d:ed:92:14,ff:ff:ff:ff:ff:ff,802.11,207,"Beacon Frame, SSID='Hidden'",,42101.13776666331,,,normal
1756154866.664751,,,a0:14:3d:ed:92:14,ff:ff:ff:ff:ff:ff,802.11,207,"Beacon Frame, SSID='Hidden'",,42101.146036203645,,,normal
1756154866.7658827,,,a0:14:3d:ed:92:14,ff:ff:ff:ff:ff:ff,802.11,207,"Beacon Frame, SSID='Hidden'",,42101.157126160506,,,normal
1756154866.8686304,,,a0:14:3d:ed:92:14,ff:ff:ff:ff:ff:ff,802.11,207,"Beacon Frame, SSID='Hidden'",,42101.17363657295,,,normal
1756154866.9715896,,,a0:14:3d:ed:92:14,ff:ff:ff:ff:ff:ff,802.11,207,"Beacon Frame, SSID='Hidden'",,42101.144523931674,,,normal
1756154867.0740497,,,a0:14:3d:ed:92:14,ff:ff:ff:ff:ff:ff,802.11,207,"Beacon Frame, SSID='Hidden'",,42101.15339402728,,,normal
1756154867.1781564,,,a0:14:3d:ed:92:14,ff:ff:ff:ff:ff:ff,802.11,207,"Beacon Frame, SSID='Hidden'",,42101.13588125144,,,normal
1756154867.2814589,,,a0:14:3d:ed:92:14,ff:ff:ff:ff:ff:ff,802.11,207,"Beacon Frame, SSID='Hidden'",,42100.9952703147,,,normal
1756154867.384195,,,a0:14:3d:ed:92:14,ff:ff:ff:ff:ff:ff,802.11,207,"Beacon Frame, SSID='Hidden'",,41959.68668644778,,,normal
1756154867.483697,,,a0:14:3d:ed:92:14,ff:ff:ff:ff:ff:ff,802.11,207,"Beacon Frame, SSID='Hidden'",,41955.01525239089,,,normal
1756154867.58599,,,a0:14:3d:ed:92:14,ff:ff:ff:ff:ff:ff,802.11,207,"Beacon Frame, SSID='Hidden'",,12.46404432092397,,,normal
1756154867.687751,,,a0:14:3d:ed:92:14,ff:ff:ff:ff:ff:ff,802.11,207,"Beacon Frame, SSID='Hidden'",,9.782071180370156,,,normal
1756154867.7915187,,,a0:14:3d:ed:92:14,ff:ff:ff:ff:ff:ff,802.11,207,"Beacon Frame, SSID='Hidden'",,9.761964622061647,,,normal
1756154867.8931956,,,a0:14:3d:ed:92:14,ff:ff:ff:ff:ff:ff,802.11,207,"Beacon Frame, SSID='Hidden'",,9.774223410024444,,,normal
1756154867.9969923,,,a0:14:3d:ed:92:14,ff:ff:ff:ff:ff:ff,802.11,207,"Beacon Frame, SSID='Hidden'",,9.759255334106408,,,normal
1756154868.0988724,,,a0:14:3d:ed:92:14,ff:ff:ff:ff:ff:ff,802.11,207,"Beacon Frame, SSID='Hidden'",,9.767692787865782,,,normal
1756154868.200527,,,a0:14:3d:ed:92:14,ff:ff:ff:ff:ff:ff,802.11,207,"Beacon Frame, SSID='Hidden'",,9.761638900517744,,,normal
1756154868.4087791,,,a0:14:3d:ed:92:14,ff:ff:ff:ff:ff:ff,802.11,207,"Beacon Frame, SSID='Hidden'",,9.528824657561405,,,normal
1756154868.5098393,,,a0:14:3d:ed:92:14,ff:ff:ff:ff:ff:ff,802.11,207,"Beacon Frame, SSID='Hidden'",,9.518488741064871,,,normal
1756154868.6111057,,,a0:14:3d:ed:92:14,ff:ff:ff:ff:ff:ff,802.11,207,"Beacon Frame, SSID='Hidden'",,9.526596416583526,,,normal
1756154868.7132788,,,a0:14:3d:ed:92:14,ff:ff:ff:ff:ff:ff,802.11,207,"Beacon Frame, SSID='Hidden'",,9.548549936600898,,,normal
1756154868.816467,,,a0:14:3d:ed:92:14,ff:ff:ff:ff:ff:ff,802.11,207,"Beacon Frame, SSID='Hidden'",,9.528733120154715,,,normal
1756154868.9180012,,,a0:14:3d:ed:92:14,ff:ff:ff:ff:ff:ff,802.11,207,"Beacon Frame, SSID='Hidden'",,9.526773448611221,,,normal
1756154869.021489,,,a0:14:3d:ed:92:14,ff:ff:ff:ff:ff:ff,802.11,207,"Beacon Frame, SSID='Hidden'",,9.523293515212782,,,normal
1756154869.1229491,,,a0:14:3d:ed:92:14,ff:ff:ff:ff:ff:ff,802.11,207,"Beacon Frame, SSID='Hidden'",,9.53046803426398,,,normal
1756154869.2245834,,,a0:14:3d:ed:92:14,ff:ff:ff:ff:ff:ff,802.11,207,"Beacon Frame, SSID='Hidden'",,9.534433487808156,,,normal
1756154869.3314223,,,a0:14:3d:ed:92:14,ff:ff:ff:ff:ff:ff,802.11,207,"Beacon Frame, SSID='Hidden'",,9.522150992481953,,,normal
1756154869.4301727,,,a0:14:3d:ed:92:14,ff:ff:ff:ff:ff:ff,802.11,207,"Beacon Frame, SSID='Hidden'",,9.544462806100665,,,normal
1756154869.5330224,,,a0:14:3d:ed:92:14,ff:ff:ff:ff:ff:ff,802.11,207,"Beacon Frame, SSID='Hidden'",,9.543925786315967,,,normal
1756154869.6354392,,,a0:14:3d:ed:92:14,ff:ff:ff:ff:ff:ff,802.11,207,"Beacon Frame, SSID='Hidden'",,9.529623932414252,,,normal
1756154869.741451,,,a0:14:3d:ed:92:14,ff:ff:ff:ff:ff:ff,802.11,207,"Beacon Frame, SSID='Hidden'",,9.512477311226226,,,normal
1756154869.8402092,,,a0:14:3d:ed:92:14,ff:ff:ff:ff:ff:ff,802.11,207,"Beacon Frame, SSID='Hidden'",,9.527417401119568,,,normal
1756154869.9440198,,,a0:14:3d:ed:92:14,ff:ff:ff:ff:ff:ff,802.11,207,"Beacon Frame, SSID='Hidden'",,9.527218205765122,,,normal
1756154870.0461495,,,a0:14:3d:ed:92:14,ff:ff:ff:ff:ff:ff,802.11,207,"Beacon Frame, SSID='Hidden'",,9.525038185422503,,,normal
1756154870.1484134,,,a0:14:3d:ed:92:14,ff:ff:ff:ff:ff:ff,802.11,207,"Beacon Frame, SSID='Hidden'",,9.532258355462162,,,normal
1756154870.2498214,,,a0:14:3d:ed:92:14,ff:ff:ff:ff:ff:ff,802.11,207,"Beacon Frame, SSID='Hidden'",,9.534542974556876,,,normal
1756154870.3518858,,,a0:14:3d:ed:92:14,ff:ff:ff:ff:ff:ff,802.11,207,"Beacon Frame, SSID='Hidden'",,9.53256789280002,,,normal
1756154870.455197,,,a0:14:3d:ed:92:14,ff:ff:ff:ff:ff:ff,802.11,207,"Beacon Frame, SSID='Hidden'",,9.776448543259498,,,normal
1756154870.557626,,,a0:14:3d:ed:92:14,ff:ff:ff:ff:ff:ff,802.11,207,"Beacon Frame, SSID='Hidden'",,9.769837117358325,,,normal
1756154870.660475,,,a0:14:3d:ed:92:14,ff:ff:ff:ff:ff:ff,802.11,207,"Beacon Frame, SSID='Hidden'",,9.762239420821421,,,normal
1756154870.763717,,,a0:14:3d:ed:92:14,ff:ff:ff:ff:ff:ff,802.11,207,"Beacon Frame, SSID='Hidden'",,9.7571731752599,,,normal
1756154870.9696355,,,a0:14:3d:ed:92:14,ff:ff:ff:ff:ff:ff,802.11,207,"Beacon Frame, SSID='Hidden'",,9.515436457356312,,,normal
1756154871.074999,,,a0:14:3d:ed:92:14,ff:ff:ff:ff:ff:ff,802.11,207,"Beacon Frame, SSID='Hidden'",,9.497538352597815,,,normal
1756154871.1734452,,,a0:14:3d:ed:92:14,ff:ff:ff:ff:ff:ff,802.11,207,"Beacon Frame, SSID='Hidden'",,9.522281264853556,,,normal
1756154871.2760005,,,a0:14:3d:ed:92:14,ff:ff:ff:ff:ff:ff,802.11,207,"Beacon Frame, SSID='Hidden'",,9.51701924177111,,,normal
1756154871.3820827,,,a0:14:3d:ed:92:14,ff:ff:ff:ff:ff:ff,802.11,207,"Beacon Frame, SSID='Hidden'",,9.496391771760042,,,normal
1756154871.4809084,,,a0:14:3d:ed:92:14,ff:ff:ff:ff:ff:ff,802.11,207,"Beacon Frame, SSID='Hidden'",,9.534338921955966,,,normal
1756154871.5826938,,,a0:14:3d:ed:92:14,ff:ff:ff:ff:ff:ff,802.11,207,"Beacon Frame, SSID='Hidden'",,9.519241101084479,,,normal
1756154871.684531,,,a0:14:3d:ed:92:14,ff:ff:ff:ff:ff:ff,802.11,207,"Beacon Frame, SSID='Hidden'",,9.524074837530044,,,normal
1756154871.7890246,,,a0:14:3d:ed:92:14,ff:ff:ff:ff:ff:ff,802.11,207,"Beacon Frame, SSID='Hidden'",,9.514371584853622,,,normal
1756154871.8885157,,,a0:14:3d:ed:92:14,ff:ff:ff:ff:ff:ff,802.11,207,"Beacon Frame, SSID='Hidden'",,9.545283693278131,,,normal
1756154871.9905307,,,a0:14:3d:ed:92:14,ff:ff:ff:ff:ff:ff,802.11,207,"Beacon Frame, SSID='Hidden'",,9.529120639053492,,,normal
1756154872.0985768,,,a0:14:3d:ed:92:14,ff:ff:ff:ff:ff:ff,802.11,207,"Beacon Frame, SSID='Hidden'",,9.510239642592202,,,normal
1756154872.1980531,,,a0:14:3d:ed:92:14,ff:ff:ff:ff:ff:ff,802.11,207,"Beacon Frame, SSID='Hidden'",,9.523298176120818,,,normal
1756154872.299111,,,a0:14:3d:ed:92:14,ff:ff:ff:ff:ff:ff,802.11,207,"Beacon Frame, SSID='Hidden'",,9.529133737076137,,,normal
1756154872.401584,,,a0:14:3d:ed:92:14,ff:ff:ff:ff:ff:ff,802.11,207,"Beacon Frame, SSID='Hidden'",,9.5240093222812,,,normal
1756154872.5035162,,,a0:14:3d:ed:92:14,ff:ff:ff:ff:ff:ff,802.11,207,"Beacon Frame, SSID='Hidden'",,9.524644117915441,,,normal
1756154872.6086974,,,a0:14:3d:ed:92:14,ff:ff:ff:ff:ff:ff,802.11,207,"Beacon Frame, SSID='Hidden'",,9.516040001163978,,,normal
1756154872.7100332,,,a0:14:3d:ed:92:14,ff:ff:ff:ff:ff:ff,802.11,207,"Beacon Frame, SSID='Hidden'",,9.521305798367228,,,normal
1756154872.8108091,,,a0:14:3d:ed:92:14,ff:ff:ff:ff:ff:ff,802.11,207,"Beacon Frame, SSID='Hidden'",,9.531306319986834,,,normal
1756154872.9137769,,,a0:14:3d:ed:92:14,ff:ff:ff:ff:ff:ff,802.11,207,"Beacon Frame, SSID='Hidden'",,9.532595907112022,,,normal
1756154873.0162015,,,a0:14:3d:ed:92:14,ff:ff:ff:ff:ff:ff,802.11,207,"Beacon Frame, SSID='Hidden'",,9.77794532845437,,,normal
1756154873.1205373,,,a0:14:3d:ed:92:14,ff:ff:ff:ff:ff:ff,802.11,207,"Beacon Frame, SSID='Hidden'",,9.782620141029017,,,normal
1756154873.220392,,,a0:14:3d:ed:92:14,ff:ff:ff:ff:ff:ff,802.11,207,"Beacon Frame, SSID='Hidden'",,9.77545568222308,,,normal
1756154873.3228214,,,a0:14:3d:ed:92:14,ff:ff:ff:ff:ff:ff,802.11,207,"Beacon Frame, SSID='Hidden'",,9.776054867912983,,,normal
1756154873.4298272,,,a0:14:3d:ed:92:14,ff:ff:ff:ff:ff:ff,802.11,207,"Beacon Frame, SSID='Hidden'",,9.771986504541584,,,normal
1756154873.5287611,,,a0:14:3d:ed:92:14,ff:ff:ff:ff:ff:ff,802.11,207,"Beacon Frame, SSID='Hidden'",,9.77143296225962,,,normal
1756154873.6316428,,,a0:14:3d:ed:92:14,ff:ff:ff:ff:ff:ff,802.11,207,"Beacon Frame, SSID='Hidden'",,9.766198699955764,,,normal
1756154873.736339,,,a0:14:3d:ed:92:14,ff:ff:ff:ff:ff:ff,802.11,207,"Beacon Frame, SSID='Hidden'",,9.752790693120282,,,normal
1756154873.8358724,,,a0:14:3d:ed:92:14,ff:ff:ff:ff:ff:ff,802.11,207,"Beacon Frame, SSID='Hidden'",,9.776636914150854,,,normal
1756154873.9389725,,,a0:14:3d:ed:92:14,ff:ff:ff:ff:ff:ff,802.11,207,"Beacon Frame, SSID='Hidden'",,9.759045260356347,,,normal
1756154874.0409863,,,a0:14:3d:ed:92:14,ff:ff:ff:ff:ff:ff,802.11,207,"Beacon Frame, SSID='Hidden'",,9.759050987748946,,,normal
1756154874.1433237,,,a0:14:3d:ed:92:14,ff:ff:ff:ff:ff:ff,802.11,207,"Beacon Frame, SSID='Hidden'",,9.78486548544376,,,normal
1756154874.2460055,,,a0:14:3d:ed:92:14,ff:ff:ff:ff:ff:ff,802.11,207,"Beacon Frame, SSID='Hidden'",,9.769174243166857,,,normal
1756154874.3473415,,,a0:14:3d:ed:92:14,ff:ff:ff:ff:ff:ff,802.11,207,"Beacon Frame, SSID='Hidden'",,9.767815781191171,,,normal
1756154874.4506466,,,a0:14:3d:ed:92:14,ff:ff:ff:ff:ff:ff,802.11,207,"Beacon Frame, SSID='Hidden'",,9.763885675585165,,,normal
1756154874.552982,,,a0:14:3d:ed:92:14,ff:ff:ff:ff:ff:ff,802.11,207,"Beacon Frame, SSID='Hidden'",,9.761953191964789,,,normal
1756154874.6555035,,,a0:14:3d:ed:92:14,ff:ff:ff:ff:ff:ff,802.11,207,"Beacon Frame, SSID='Hidden'",,9.774286108778211,,,normal
1756154874.7595594,,,a0:14:3d:ed:92:14,ff:ff:ff:ff:ff:ff,802.11,207,"Beacon Frame, SSID='Hidden'",,9.761387932699781,,,normal
1756154874.8620286,,,a0:14:3d:ed:92:14,ff:ff:ff:ff:ff:ff,802.11,207,"Beacon Frame, SSID='Hidden'",,9.75318931820963,,,normal
1756154874.9632044,,,a0:14:3d:ed:92:14,ff:ff:ff:ff:ff:ff,802.11,207,"Beacon Frame, SSID='Hidden'",,9.761789727334646,,,normal
1756154875.0651634,,,a0:14:3d:ed:92:14,ff:ff:ff:ff:ff:ff,802.11,207,"Beacon Frame, SSID='Hidden'",,9.764019098859976,,,normal
1756154875.1674402,,,a0:14:3d:ed:92:14,ff:ff:ff:ff:ff:ff,802.11,207,"Beacon Frame, SSID='Hidden'",,9.773666543731256,,,normal
1756154875.27189,,,a0:14:3d:ed:92:14,ff:ff:ff:ff:ff:ff,802.11,207,"Beacon Frame, SSID='Hidden'",,9.751638117268286,,,normal
1756154875.3719492,,,a0:14:3d:ed:92:14,ff:ff:ff:ff:ff:ff,802.11,207,"Beacon Frame, SSID='Hidden'",,9.763200790530899,,,normal
1756154875.4758463,,,a0:14:3d:ed:92:14,ff:ff:ff:ff:ff:ff,802.11,207,"Beacon Frame, SSID='Hidden'",,9.777181960739847,,,normal
1756154875.5774548,,,a0:14:3d:ed:92:14,ff:ff:ff:ff:ff:ff,802.11,207,"Beacon Frame, SSID='Hidden'",,9.763878943671475,,,normal
1756154875.6794577,,,a0:14:3d:ed:92:14,ff:ff:ff:ff:ff:ff,802.11,207,"Beacon Frame, SSID='Hidden'",,9.768066060515471,,,normal
