timestamp,src_ip,dst_ip,src_mac,dst_mac,protocol,length,info,command
1756154812.4686303,N/A,N/A,a0:14:3d:ed:92:14,ff:ff:ff:ff:ff:ff,802.11,207,"Beacon Frame, SSID='Hidden'",N/A
1756154812.5679362,N/A,N/A,a0:14:3d:ed:92:14,ff:ff:ff:ff:ff:ff,802.11,207,"Beacon Frame, SSID='Hidden'",N/A
1756154812.671657,N/A,N/A,a0:14:3d:ed:92:14,ff:ff:ff:ff:ff:ff,802.11,207,"Beacon Frame, SSID='Hidden'",N/A
1756154812.7720091,N/A,N/A,a0:14:3d:ed:92:14,ff:ff:ff:ff:ff:ff,802.11,207,"Beacon Frame, SSID='Hidden'",N/A
1756154812.8764622,N/A,N/A,a0:14:3d:ed:92:14,ff:ff:ff:ff:ff:ff,802.11,207,"Beacon Frame, SSID='Hidden'",N/A
1756154812.9777148,N/A,N/A,a0:14:3d:ed:92:14,ff:ff:ff:ff:ff:ff,802.11,207,"Beacon Frame, SSID='Hidden'",N/A
1756154813.0792165,N/A,N/A,a0:14:3d:ed:92:14,ff:ff:ff:ff:ff:ff,802.11,207,"Beacon Frame, SSID='Hidden'",N/A
1756154813.1816208,N/A,N/A,a0:14:3d:ed:92:14,ff:ff:ff:ff:ff:ff,802.11,207,"Beacon Frame, SSID='Hidden'",N/A
1756154813.2856247,N/A,N/A,a0:14:3d:ed:92:14,ff:ff:ff:ff:ff:ff,802.11,207,"Beacon Frame, SSID='Hidden'",N/A
1756154813.3920453,N/A,N/A,a0:14:3d:ed:92:14,ff:ff:ff:ff:ff:ff,802.11,207,"Beacon Frame, SSID='Hidden'",N/A
1756154813.4927633,N/A,N/A,a0:14:3d:ed:92:14,ff:ff:ff:ff:ff:ff,802.11,207,"Beacon Frame, SSID='Hidden'",N/A
1756154813.5917392,N/A,N/A,a0:14:3d:ed:92:14,ff:ff:ff:ff:ff:ff,802.11,207,"Beacon Frame, SSID='Hidden'",N/A
1756154813.6948037,N/A,N/A,a0:14:3d:ed:92:14,ff:ff:ff:ff:ff:ff,802.11,207,"Beacon Frame, SSID='Hidden'",N/A
1756154813.7978575,N/A,N/A,a0:14:3d:ed:92:14,ff:ff:ff:ff:ff:ff,802.11,207,"Beacon Frame, SSID='Hidden'",N/A
1756154813.9018025,N/A,N/A,a0:14:3d:ed:92:14,ff:ff:ff:ff:ff:ff,802.11,207,"Beacon Frame, SSID='Hidden'",N/A
1756154814.0085227,N/A,N/A,a0:14:3d:ed:92:14,ff:ff:ff:ff:ff:ff,802.11,207,"Beacon Frame, SSID='Hidden'",N/A
1756154814.1080105,N/A,N/A,a0:14:3d:ed:92:14,ff:ff:ff:ff:ff:ff,802.11,207,"Beacon Frame, SSID='Hidden'",N/A
1756154814.2076497,N/A,N/A,a0:14:3d:ed:92:14,ff:ff:ff:ff:ff:ff,802.11,207,"Beacon Frame, SSID='Hidden'",N/A
1756154814.3116736,N/A,N/A,a0:14:3d:ed:92:14,ff:ff:ff:ff:ff:ff,802.11,207,"Beacon Frame, SSID='Hidden'",N/A
1756154814.4257314,N/A,N/A,a0:14:3d:ed:92:14,ff:ff:ff:ff:ff:ff,802.11,207,"Beacon Frame, SSID='Hidden'",N/A
1756154814.5153987,N/A,N/A,a0:14:3d:ed:92:14,ff:ff:ff:ff:ff:ff,802.11,207,"Beacon Frame, SSID='Hidden'",N/A
1756154814.6163638,N/A,N/A,a0:14:3d:ed:92:14,ff:ff:ff:ff:ff:ff,802.11,207,"Beacon Frame, SSID='Hidden'",N/A
1756154814.7190738,N/A,N/A,a0:14:3d:ed:92:14,ff:ff:ff:ff:ff:ff,802.11,207,"Beacon Frame, SSID='Hidden'",N/A
1756154814.821828,N/A,N/A,a0:14:3d:ed:92:14,ff:ff:ff:ff:ff:ff,802.11,207,"Beacon Frame, SSID='Hidden'",N/A
1756154814.9254107,N/A,N/A,a0:14:3d:ed:92:14,ff:ff:ff:ff:ff:ff,802.11,207,"Beacon Frame, SSID='Hidden'",N/A
1756154815.0277438,N/A,N/A,a0:14:3d:ed:92:14,ff:ff:ff:ff:ff:ff,802.11,207,"Beacon Frame, SSID='Hidden'",N/A
1756154815.134707,N/A,N/A,a0:14:3d:ed:92:14,ff:ff:ff:ff:ff:ff,802.11,207,"Beacon Frame, SSID='Hidden'",N/A
1756154815.231426,N/A,N/A,a0:14:3d:ed:92:14,ff:ff:ff:ff:ff:ff,802.11,207,"Beacon Frame, SSID='Hidden'",N/A
1756154815.3350744,N/A,N/A,a0:14:3d:ed:92:14,ff:ff:ff:ff:ff:ff,802.11,207,"Beacon Frame, SSID='Hidden'",N/A
1756154815.437628,N/A,N/A,a0:14:3d:ed:92:14,ff:ff:ff:ff:ff:ff,802.11,207,"Beacon Frame, SSID='Hidden'",N/A
1756154815.541703,N/A,N/A,a0:14:3d:ed:92:14,ff:ff:ff:ff:ff:ff,802.11,207,"Beacon Frame, SSID='Hidden'",N/A
1756154815.6407332,N/A,N/A,a0:14:3d:ed:92:14,ff:ff:ff:ff:ff:ff,802.11,207,"Beacon Frame, SSID='Hidden'",N/A
1756154815.7434916,N/A,N/A,a0:14:3d:ed:92:14,ff:ff:ff:ff:ff:ff,802.11,207,"Beacon Frame, SSID='Hidden'",N/A
1756154815.8477166,N/A,N/A,a0:14:3d:ed:92:14,ff:ff:ff:ff:ff:ff,802.11,207,"Beacon Frame, SSID='Hidden'",N/A
1756154815.9496198,N/A,N/A,a0:14:3d:ed:92:14,ff:ff:ff:ff:ff:ff,802.11,207,"Beacon Frame, SSID='Hidden'",N/A
1756154816.0560915,N/A,N/A,a0:14:3d:ed:92:14,ff:ff:ff:ff:ff:ff,802.11,207,"Beacon Frame, SSID='Hidden'",N/A
1756154816.1564589,N/A,N/A,a0:14:3d:ed:92:14,ff:ff:ff:ff:ff:ff,802.11,207,"Beacon Frame, SSID='Hidden'",N/A
1756154816.2571192,N/A,N/A,a0:14:3d:ed:92:14,ff:ff:ff:ff:ff:ff,802.11,207,"Beacon Frame, SSID='Hidden'",N/A
1756154816.3641431,N/A,N/A,a0:14:3d:ed:92:14,ff:ff:ff:ff:ff:ff,802.11,207,"Beacon Frame, SSID='Hidden'",N/A
1756154816.4665637,N/A,N/A,a0:14:3d:ed:92:14,ff:ff:ff:ff:ff:ff,802.11,207,"Beacon Frame, SSID='Hidden'",N/A
1756154816.5713725,N/A,N/A,a0:14:3d:ed:92:14,ff:ff:ff:ff:ff:ff,802.11,207,"Beacon Frame, SSID='Hidden'",N/A
1756154816.6717424,N/A,N/A,a0:14:3d:ed:92:14,ff:ff:ff:ff:ff:ff,802.11,207,"Beacon Frame, SSID='Hidden'",N/A
1756154816.7684736,N/A,N/A,a0:14:3d:ed:92:14,ff:ff:ff:ff:ff:ff,802.11,207,"Beacon Frame, SSID='Hidden'",N/A
1756154816.871053,N/A,N/A,a0:14:3d:ed:92:14,ff:ff:ff:ff:ff:ff,802.11,207,"Beacon Frame, SSID='Hidden'",N/A
1756154816.9736981,N/A,N/A,a0:14:3d:ed:92:14,ff:ff:ff:ff:ff:ff,802.11,207,"Beacon Frame, SSID='Hidden'",N/A
1756154817.074686,N/A,N/A,a0:14:3d:ed:92:14,ff:ff:ff:ff:ff:ff,802.11,207,"Beacon Frame, SSID='Hidden'",N/A
1756154817.178825,N/A,N/A,a0:14:3d:ed:92:14,ff:ff:ff:ff:ff:ff,802.11,207,"Beacon Frame, SSID='Hidden'",N/A
1756154817.28487,N/A,N/A,a0:14:3d:ed:92:14,ff:ff:ff:ff:ff:ff,802.11,207,"Beacon Frame, SSID='Hidden'",N/A
1756154817.3876684,N/A,N/A,a0:14:3d:ed:92:14,ff:ff:ff:ff:ff:ff,802.11,207,"Beacon Frame, SSID='Hidden'",N/A
1756154817.4859242,N/A,N/A,a0:14:3d:ed:92:14,ff:ff:ff:ff:ff:ff,802.11,207,"Beacon Frame, SSID='Hidden'",N/A
1756154817.587254,N/A,N/A,a0:14:3d:ed:92:14,ff:ff:ff:ff:ff:ff,802.11,207,"Beacon Frame, SSID='Hidden'",N/A
1756154817.6920407,N/A,N/A,a0:14:3d:ed:92:14,ff:ff:ff:ff:ff:ff,802.11,207,"Beacon Frame, SSID='Hidden'",N/A
1756154817.7932737,N/A,N/A,a0:14:3d:ed:92:14,ff:ff:ff:ff:ff:ff,802.11,207,"Beacon Frame, SSID='Hidden'",N/A
1756154817.8947713,N/A,N/A,a0:14:3d:ed:92:14,ff:ff:ff:ff:ff:ff,802.11,207,"Beacon Frame, SSID='Hidden'",N/A
1756154817.9998338,N/A,N/A,a0:14:3d:ed:92:14,ff:ff:ff:ff:ff:ff,802.11,207,"Beacon Frame, SSID='Hidden'",N/A
1756154818.1018615,N/A,N/A,a0:14:3d:ed:92:14,ff:ff:ff:ff:ff:ff,802.11,207,"Beacon Frame, SSID='Hidden'",N/A
1756154818.203361,N/A,N/A,a0:14:3d:ed:92:14,ff:ff:ff:ff:ff:ff,802.11,207,"Beacon Frame, SSID='Hidden'",N/A
1756154818.304708,N/A,N/A,a0:14:3d:ed:92:14,ff:ff:ff:ff:ff:ff,802.11,207,"Beacon Frame, SSID='Hidden'",N/A
1756154818.4077806,N/A,N/A,a0:14:3d:ed:92:14,ff:ff:ff:ff:ff:ff,802.11,207,"Beacon Frame, SSID='Hidden'",N/A
1756154818.5102158,N/A,N/A,a0:14:3d:ed:92:14,ff:ff:ff:ff:ff:ff,802.11,207,"Beacon Frame, SSID='Hidden'",N/A
1756154818.6121244,N/A,N/A,a0:14:3d:ed:92:14,ff:ff:ff:ff:ff:ff,802.11,207,"Beacon Frame, SSID='Hidden'",N/A
1756154818.7151275,N/A,N/A,a0:14:3d:ed:92:14,ff:ff:ff:ff:ff:ff,802.11,207,"Beacon Frame, SSID='Hidden'",N/A
1756154818.8173897,N/A,N/A,a0:14:3d:ed:92:14,ff:ff:ff:ff:ff:ff,802.11,207,"Beacon Frame, SSID='Hidden'",N/A
1756154818.9219985,N/A,N/A,a0:14:3d:ed:92:14,ff:ff:ff:ff:ff:ff,802.11,207,"Beacon Frame, SSID='Hidden'",N/A
1756154819.0226104,N/A,N/A,a0:14:3d:ed:92:14,ff:ff:ff:ff:ff:ff,802.11,207,"Beacon Frame, SSID='Hidden'",N/A
1756154819.1240566,N/A,N/A,a0:14:3d:ed:92:14,ff:ff:ff:ff:ff:ff,802.11,207,"Beacon Frame, SSID='Hidden'",N/A
1756154819.2271721,N/A,N/A,a0:14:3d:ed:92:14,ff:ff:ff:ff:ff:ff,802.11,207,"Beacon Frame, SSID='Hidden'",N/A
1756154819.3291044,N/A,N/A,a0:14:3d:ed:92:14,ff:ff:ff:ff:ff:ff,802.11,207,"Beacon Frame, SSID='Hidden'",N/A
1756154819.4395401,N/A,N/A,a0:14:3d:ed:92:14,ff:ff:ff:ff:ff:ff,802.11,207,"Beacon Frame, SSID='Hidden'",N/A
1756154819.533669,N/A,N/A,a0:14:3d:ed:92:14,ff:ff:ff:ff:ff:ff,802.11,207,"Beacon Frame, SSID='Hidden'",N/A
1756154819.6366608,N/A,N/A,a0:14:3d:ed:92:14,ff:ff:ff:ff:ff:ff,802.11,207,"Beacon Frame, SSID='Hidden'",N/A
1756154819.7388093,N/A,N/A,a0:14:3d:ed:92:14,ff:ff:ff:ff:ff:ff,802.11,207,"Beacon Frame, SSID='Hidden'",N/A
1756154819.8410385,N/A,N/A,a0:14:3d:ed:92:14,ff:ff:ff:ff:ff:ff,802.11,207,"Beacon Frame, SSID='Hidden'",N/A
1756154819.9482017,N/A,N/A,a0:14:3d:ed:92:14,ff:ff:ff:ff:ff:ff,802.11,207,"Beacon Frame, SSID='Hidden'",N/A
1756154820.0481353,N/A,N/A,a0:14:3d:ed:92:14,ff:ff:ff:ff:ff:ff,802.11,207,"Beacon Frame, SSID='Hidden'",N/A
1756154820.1521246,N/A,N/A,a0:14:3d:ed:92:14,ff:ff:ff:ff:ff:ff,802.11,207,"Beacon Frame, SSID='Hidden'",N/A
1756154820.251838,N/A,N/A,a0:14:3d:ed:92:14,ff:ff:ff:ff:ff:ff,802.11,207,"Beacon Frame, SSID='Hidden'",N/A
1756154820.354292,N/A,N/A,a0:14:3d:ed:92:14,ff:ff:ff:ff:ff:ff,802.11,207,"Beacon Frame, SSID='Hidden'",N/A
1756154820.4558225,N/A,N/A,a0:14:3d:ed:92:14,ff:ff:ff:ff:ff:ff,802.11,207,"Beacon Frame, SSID='Hidden'",N/A
1756154820.5643826,N/A,N/A,a0:14:3d:ed:92:14,ff:ff:ff:ff:ff:ff,802.11,207,"Beacon Frame, SSID='Hidden'",N/A
1756154820.6624243,N/A,N/A,a0:14:3d:ed:92:14,ff:ff:ff:ff:ff:ff,802.11,207,"Beacon Frame, SSID='Hidden'",N/A
1756154820.7658455,N/A,N/A,a0:14:3d:ed:92:14,ff:ff:ff:ff:ff:ff,802.11,207,"Beacon Frame, SSID='Hidden'",N/A
1756154820.8715503,N/A,N/A,a0:14:3d:ed:92:14,ff:ff:ff:ff:ff:ff,802.11,207,"Beacon Frame, SSID='Hidden'",N/A
1756154820.9692507,N/A,N/A,a0:14:3d:ed:92:14,ff:ff:ff:ff:ff:ff,802.11,207,"Beacon Frame, SSID='Hidden'",N/A
1756154821.0714798,N/A,N/A,a0:14:3d:ed:92:14,ff:ff:ff:ff:ff:ff,802.11,207,"Beacon Frame, SSID='Hidden'",N/A
1756154821.1734748,N/A,N/A,a0:14:3d:ed:92:14,ff:ff:ff:ff:ff:ff,802.11,207,"Beacon Frame, SSID='Hidden'",N/A
1756154821.2897294,N/A,N/A,a0:14:3d:ed:92:14,ff:ff:ff:ff:ff:ff,802.11,207,"Beacon Frame, SSID='Hidden'",N/A
1756154821.3787985,N/A,N/A,a0:14:3d:ed:92:14,ff:ff:ff:ff:ff:ff,802.11,207,"Beacon Frame, SSID='Hidden'",N/A
1756154821.4829175,N/A,N/A,a0:14:3d:ed:92:14,ff:ff:ff:ff:ff:ff,802.11,207,"Beacon Frame, SSID='Hidden'",N/A
1756154821.5938756,N/A,N/A,a0:14:3d:ed:92:14,ff:ff:ff:ff:ff:ff,802.11,207,"Beacon Frame, SSID='Hidden'",N/A
1756154821.6856341,N/A,N/A,a0:14:3d:ed:92:14,ff:ff:ff:ff:ff:ff,802.11,207,"Beacon Frame, SSID='Hidden'",N/A
1756154821.7877228,N/A,N/A,a0:14:3d:ed:92:14,ff:ff:ff:ff:ff:ff,802.11,207,"Beacon Frame, SSID='Hidden'",N/A
1756154821.8926382,N/A,N/A,a0:14:3d:ed:92:14,ff:ff:ff:ff:ff:ff,802.11,207,"Beacon Frame, SSID='Hidden'",N/A
1756154821.9928286,N/A,N/A,a0:14:3d:ed:92:14,ff:ff:ff:ff:ff:ff,802.11,207,"Beacon Frame, SSID='Hidden'",N/A
1756154822.0969243,N/A,N/A,a0:14:3d:ed:92:14,ff:ff:ff:ff:ff:ff,802.11,207,"Beacon Frame, SSID='Hidden'",N/A
1756154822.2001007,N/A,N/A,a0:14:3d:ed:92:14,ff:ff:ff:ff:ff:ff,802.11,207,"Beacon Frame, SSID='Hidden'",N/A
1756154822.3021915,N/A,N/A,a0:14:3d:ed:92:14,ff:ff:ff:ff:ff:ff,802.11,207,"Beacon Frame, SSID='Hidden'",N/A
1756154822.4025443,N/A,N/A,a0:14:3d:ed:92:14,ff:ff:ff:ff:ff:ff,802.11,207,"Beacon Frame, SSID='Hidden'",N/A
1756154822.5051181,N/A,N/A,a0:14:3d:ed:92:14,ff:ff:ff:ff:ff:ff,802.11,207,"Beacon Frame, SSID='Hidden'",N/A
1756154822.6083682,N/A,N/A,a0:14:3d:ed:92:14,ff:ff:ff:ff:ff:ff,802.11,207,"Beacon Frame, SSID='Hidden'",N/A
1756154822.7119124,N/A,N/A,a0:14:3d:ed:92:14,ff:ff:ff:ff:ff:ff,802.11,207,"Beacon Frame, SSID='Hidden'",N/A
1756154822.8155067,N/A,N/A,a0:14:3d:ed:92:14,ff:ff:ff:ff:ff:ff,802.11,207,"Beacon Frame, SSID='Hidden'",N/A
1756154822.9167185,N/A,N/A,a0:14:3d:ed:92:14,ff:ff:ff:ff:ff:ff,802.11,207,"Beacon Frame, SSID='Hidden'",N/A
1756154823.0183306,N/A,N/A,a0:14:3d:ed:92:14,ff:ff:ff:ff:ff:ff,802.11,207,"Beacon Frame, SSID='Hidden'",N/A
1756154823.1195242,N/A,N/A,a0:14:3d:ed:92:14,ff:ff:ff:ff:ff:ff,802.11,207,"Beacon Frame, SSID='Hidden'",N/A
1756154823.2232015,N/A,N/A,a0:14:3d:ed:92:14,ff:ff:ff:ff:ff:ff,802.11,207,"Beacon Frame, SSID='Hidden'",N/A
1756154823.326499,N/A,N/A,a0:14:3d:ed:92:14,ff:ff:ff:ff:ff:ff,802.11,207,"Beacon Frame, SSID='Hidden'",N/A
1756154823.4296606,N/A,N/A,a0:14:3d:ed:92:14,ff:ff:ff:ff:ff:ff,802.11,207,"Beacon Frame, SSID='Hidden'",N/A
1756154823.5303977,N/A,N/A,a0:14:3d:ed:92:14,ff:ff:ff:ff:ff:ff,802.11,207,"Beacon Frame, SSID='Hidden'",N/A
1756154823.6367946,N/A,N/A,a0:14:3d:ed:92:14,ff:ff:ff:ff:ff:ff,802.11,207,"Beacon Frame, SSID='Hidden'",N/A
1756154823.7342505,N/A,N/A,a0:14:3d:ed:92:14,ff:ff:ff:ff:ff:ff,802.11,207,"Beacon Frame, SSID='Hidden'",N/A
1756154823.8396883,N/A,N/A,a0:14:3d:ed:92:14,ff:ff:ff:ff:ff:ff,802.11,207,"Beacon Frame, SSID='Hidden'",N/A
1756154823.9434092,N/A,N/A,a0:14:3d:ed:92:14,ff:ff:ff:ff:ff:ff,802.11,207,"Beacon Frame, SSID='Hidden'",N/A
1756154824.0420582,N/A,N/A,a0:14:3d:ed:92:14,ff:ff:ff:ff:ff:ff,802.11,207,"Beacon Frame, SSID='Hidden'",N/A
1756154824.1471295,N/A,N/A,a0:14:3d:ed:92:14,ff:ff:ff:ff:ff:ff,802.11,207,"Beacon Frame, SSID='Hidden'",N/A
1756154824.2495873,N/A,N/A,a0:14:3d:ed:92:14,ff:ff:ff:ff:ff:ff,802.11,207,"Beacon Frame, SSID='Hidden'",N/A
1756154824.3561845,N/A,N/A,a0:14:3d:ed:92:14,ff:ff:ff:ff:ff:ff,802.11,207,"Beacon Frame, SSID='Hidden'",N/A
1756154824.4533057,N/A,N/A,a0:14:3d:ed:92:14,ff:ff:ff:ff:ff:ff,802.11,207,"Beacon Frame, SSID='Hidden'",N/A
1756154824.5540814,N/A,N/A,a0:14:3d:ed:92:14,ff:ff:ff:ff:ff:ff,802.11,207,"Beacon Frame, SSID='Hidden'",N/A
1756154824.6594903,N/A,N/A,a0:14:3d:ed:92:14,ff:ff:ff:ff:ff:ff,802.11,207,"Beacon Frame, SSID='Hidden'",N/A
1756154824.7608774,N/A,N/A,a0:14:3d:ed:92:14,ff:ff:ff:ff:ff:ff,802.11,207,"Beacon Frame, SSID='Hidden'",N/A
1756154824.8625424,N/A,N/A,a0:14:3d:ed:92:14,ff:ff:ff:ff:ff:ff,802.11,207,"Beacon Frame, SSID='Hidden'",N/A
1756154824.9659796,N/A,N/A,a0:14:3d:ed:92:14,ff:ff:ff:ff:ff:ff,802.11,207,"Beacon Frame, SSID='Hidden'",N/A
1756154825.0698285,N/A,N/A,a0:14:3d:ed:92:14,ff:ff:ff:ff:ff:ff,802.11,207,"Beacon Frame, SSID='Hidden'",N/A
1756154825.093728,N/A,N/A,a0:14:3d:ed:92:14,3e:ea:21:c7:0f:16,802.11,201,Probe Response,N/A
1756154825.097115,N/A,N/A,,a0:14:3d:ed:92:14,802.11,50,RadioTap / 802.11 Control Ack 00:00:00:00:00:00 (TA) > a0:14:3d:ed:92:14 (RA),N/A
1756154825.1100245,N/A,N/A,a0:14:3d:ed:92:14,3e:ea:21:c7:0f:16,802.11,201,Probe Response,N/A
1756154825.1123805,N/A,N/A,a0:14:3d:ed:92:14,3e:ea:21:c7:0f:16,802.11,201,Probe Response,N/A
1756154825.116128,N/A,N/A,a0:14:3d:ed:92:14,3e:ea:21:c7:0f:16,802.11,201,Probe Response,N/A
1756154825.1711512,N/A,N/A,a0:14:3d:ed:92:14,ff:ff:ff:ff:ff:ff,802.11,207,"Beacon Frame, SSID='Hidden'",N/A
1756154825.2729492,N/A,N/A,a0:14:3d:ed:92:14,ff:ff:ff:ff:ff:ff,802.11,207,"Beacon Frame, SSID='Hidden'",N/A
1756154825.3799016,N/A,N/A,a0:14:3d:ed:92:14,ff:ff:ff:ff:ff:ff,802.11,207,"Beacon Frame, SSID='Hidden'",N/A
1756154825.4794595,N/A,N/A,a0:14:3d:ed:92:14,ff:ff:ff:ff:ff:ff,802.11,207,"Beacon Frame, SSID='Hidden'",N/A
1756154825.5829337,N/A,N/A,a0:14:3d:ed:92:14,ff:ff:ff:ff:ff:ff,802.11,207,"Beacon Frame, SSID='Hidden'",N/A
1756154825.6813264,N/A,N/A,a0:14:3d:ed:92:14,ff:ff:ff:ff:ff:ff,802.11,207,"Beacon Frame, SSID='Hidden'",N/A
1756154825.7837005,N/A,N/A,a0:14:3d:ed:92:14,ff:ff:ff:ff:ff:ff,802.11,207,"Beacon Frame, SSID='Hidden'",N/A
1756154825.8881123,N/A,N/A,a0:14:3d:ed:92:14,ff:ff:ff:ff:ff:ff,802.11,207,"Beacon Frame, SSID='Hidden'",N/A
1756154825.9895642,N/A,N/A,a0:14:3d:ed:92:14,ff:ff:ff:ff:ff:ff,802.11,207,"Beacon Frame, SSID='Hidden'",N/A
1756154826.0920072,N/A,N/A,a0:14:3d:ed:92:14,ff:ff:ff:ff:ff:ff,802.11,207,"Beacon Frame, SSID='Hidden'",N/A
1756154826.1949604,N/A,N/A,a0:14:3d:ed:92:14,ff:ff:ff:ff:ff:ff,802.11,207,"Beacon Frame, SSID='Hidden'",N/A
1756154826.2966604,N/A,N/A,a0:14:3d:ed:92:14,ff:ff:ff:ff:ff:ff,802.11,207,"Beacon Frame, SSID='Hidden'",N/A
1756154826.3990057,N/A,N/A,a0:14:3d:ed:92:14,ff:ff:ff:ff:ff:ff,802.11,207,"Beacon Frame, SSID='Hidden'",N/A
1756154826.504798,N/A,N/A,a0:14:3d:ed:92:14,ff:ff:ff:ff:ff:ff,802.11,207,"Beacon Frame, SSID='Hidden'",N/A
1756154826.6077392,N/A,N/A,a0:14:3d:ed:92:14,ff:ff:ff:ff:ff:ff,802.11,207,"Beacon Frame, SSID='Hidden'",N/A
1756154826.7062278,N/A,N/A,a0:14:3d:ed:92:14,ff:ff:ff:ff:ff:ff,802.11,207,"Beacon Frame, SSID='Hidden'",N/A
1756154826.8100297,N/A,N/A,a0:14:3d:ed:92:14,ff:ff:ff:ff:ff:ff,802.11,207,"Beacon Frame, SSID='Hidden'",N/A
1756154826.9109597,N/A,N/A,a0:14:3d:ed:92:14,ff:ff:ff:ff:ff:ff,802.11,207,"Beacon Frame, SSID='Hidden'",N/A
1756154827.0132563,N/A,N/A,a0:14:3d:ed:92:14,ff:ff:ff:ff:ff:ff,802.11,207,"Beacon Frame, SSID='Hidden'",N/A
1756154827.1160474,N/A,N/A,a0:14:3d:ed:92:14,ff:ff:ff:ff:ff:ff,802.11,207,"Beacon Frame, SSID='Hidden'",N/A
1756154827.2191885,N/A,N/A,a0:14:3d:ed:92:14,ff:ff:ff:ff:ff:ff,802.11,207,"Beacon Frame, SSID='Hidden'",N/A
1756154827.325448,N/A,N/A,a0:14:3d:ed:92:14,ff:ff:ff:ff:ff:ff,802.11,207,"Beacon Frame, SSID='Hidden'",N/A
1756154827.4284177,N/A,N/A,a0:14:3d:ed:92:14,ff:ff:ff:ff:ff:ff,802.11,207,"Beacon Frame, SSID='Hidden'",N/A
1756154827.5262752,N/A,N/A,a0:14:3d:ed:92:14,ff:ff:ff:ff:ff:ff,802.11,207,"Beacon Frame, SSID='Hidden'",N/A
1756154827.6280003,N/A,N/A,a0:14:3d:ed:92:14,ff:ff:ff:ff:ff:ff,802.11,207,"Beacon Frame, SSID='Hidden'",N/A
1756154827.7362401,N/A,N/A,a0:14:3d:ed:92:14,ff:ff:ff:ff:ff:ff,802.11,207,"Beacon Frame, SSID='Hidden'",N/A
1756154827.8370564,N/A,N/A,a0:14:3d:ed:92:14,ff:ff:ff:ff:ff:ff,802.11,207,"Beacon Frame, SSID='Hidden'",N/A
1756154827.9377487,N/A,N/A,a0:14:3d:ed:92:14,ff:ff:ff:ff:ff:ff,802.11,207,"Beacon Frame, SSID='Hidden'",N/A
1756154828.0408576,N/A,N/A,a0:14:3d:ed:92:14,ff:ff:ff:ff:ff:ff,802.11,207,"Beacon Frame, SSID='Hidden'",N/A
1756154828.141184,N/A,N/A,a0:14:3d:ed:92:14,ff:ff:ff:ff:ff:ff,802.11,207,"Beacon Frame, SSID='Hidden'",N/A
1756154828.2462146,N/A,N/A,a0:14:3d:ed:92:14,ff:ff:ff:ff:ff:ff,802.11,207,"Beacon Frame, SSID='Hidden'",N/A
1756154828.349927,N/A,N/A,a0:14:3d:ed:92:14,ff:ff:ff:ff:ff:ff,802.11,207,"Beacon Frame, SSID='Hidden'",N/A
1756154828.4519506,N/A,N/A,a0:14:3d:ed:92:14,ff:ff:ff:ff:ff:ff,802.11,207,"Beacon Frame, SSID='Hidden'",N/A
1756154828.5508237,N/A,N/A,a0:14:3d:ed:92:14,ff:ff:ff:ff:ff:ff,802.11,207,"Beacon Frame, SSID='Hidden'",N/A
1756154828.583078,N/A,N/A,a0:14:3d:ed:92:14,1e:cc:af:e1:a8:75,802.11,201,Probe Response,N/A
1756154828.5843084,N/A,N/A,,a0:14:3d:ed:92:14,802.11,50,RadioTap / 802.11 Control Ack 00:00:00:00:00:00 (TA) > a0:14:3d:ed:92:14 (RA),N/A
1756154828.6002479,N/A,N/A,a0:14:3d:ed:92:14,1e:cc:af:e1:a8:75,802.11,201,Probe Response,N/A
1756154828.6018307,N/A,N/A,,a0:14:3d:ed:92:14,802.11,50,RadioTap / 802.11 Control Ack 00:00:00:00:00:00 (TA) > a0:14:3d:ed:92:14 (RA),N/A
1756154828.6589441,N/A,N/A,a0:14:3d:ed:92:14,ff:ff:ff:ff:ff:ff,802.11,207,"Beacon Frame, SSID='Hidden'",N/A
1756154828.75567,N/A,N/A,a0:14:3d:ed:92:14,ff:ff:ff:ff:ff:ff,802.11,207,"Beacon Frame, SSID='Hidden'",N/A
1756154828.8610692,N/A,N/A,a0:14:3d:ed:92:14,ff:ff:ff:ff:ff:ff,802.11,207,"Beacon Frame, SSID='Hidden'",N/A
1756154828.9598467,N/A,N/A,a0:14:3d:ed:92:14,ff:ff:ff:ff:ff:ff,802.11,207,"Beacon Frame, SSID='Hidden'",N/A
1756154829.0656483,N/A,N/A,a0:14:3d:ed:92:14,ff:ff:ff:ff:ff:ff,802.11,207,"Beacon Frame, SSID='Hidden'",N/A
1756154829.1656597,N/A,N/A,a0:14:3d:ed:92:14,ff:ff:ff:ff:ff:ff,802.11,207,"Beacon Frame, SSID='Hidden'",N/A
1756154829.2688894,N/A,N/A,a0:14:3d:ed:92:14,ff:ff:ff:ff:ff:ff,802.11,207,"Beacon Frame, SSID='Hidden'",N/A
1756154829.3745124,N/A,N/A,a0:14:3d:ed:92:14,ff:ff:ff:ff:ff:ff,802.11,207,"Beacon Frame, SSID='Hidden'",N/A
1756154829.4740007,N/A,N/A,a0:14:3d:ed:92:14,ff:ff:ff:ff:ff:ff,802.11,207,"Beacon Frame, SSID='Hidden'",N/A
1756154829.5781085,N/A,N/A,a0:14:3d:ed:92:14,ff:ff:ff:ff:ff:ff,802.11,207,"Beacon Frame, SSID='Hidden'",N/A
1756154829.6401074,N/A,N/A,a0:14:3d:ed:92:14,12:48:31:5e:a9:88,802.11,201,Probe Response,N/A
1756154829.6412303,N/A,N/A,,a0:14:3d:ed:92:14,802.11,50,RadioTap / 802.11 Control Ack 00:00:00:00:00:00 (TA) > a0:14:3d:ed:92:14 (RA),N/A
1756154829.6523514,N/A,N/A,a0:14:3d:ed:92:14,12:48:31:5e:a9:88,802.11,201,Probe Response,N/A
1756154829.654596,N/A,N/A,,a0:14:3d:ed:92:14,802.11,50,RadioTap / 802.11 Control Ack 00:00:00:00:00:00 (TA) > a0:14:3d:ed:92:14 (RA),N/A
1756154829.6814795,N/A,N/A,a0:14:3d:ed:92:14,ff:ff:ff:ff:ff:ff,802.11,207,"Beacon Frame, SSID='Hidden'",N/A
1756154829.780412,N/A,N/A,a0:14:3d:ed:92:14,ff:ff:ff:ff:ff:ff,802.11,207,"Beacon Frame, SSID='Hidden'",N/A
1756154829.8826182,N/A,N/A,a0:14:3d:ed:92:14,ff:ff:ff:ff:ff:ff,802.11,207,"Beacon Frame, SSID='Hidden'",N/A
1756154829.9892852,N/A,N/A,a0:14:3d:ed:92:14,ff:ff:ff:ff:ff:ff,802.11,207,"Beacon Frame, SSID='Hidden'",N/A
1756154830.0887945,N/A,N/A,a0:14:3d:ed:92:14,ff:ff:ff:ff:ff:ff,802.11,207,"Beacon Frame, SSID='Hidden'",N/A
1756154830.1908743,N/A,N/A,a0:14:3d:ed:92:14,ff:ff:ff:ff:ff:ff,802.11,207,"Beacon Frame, SSID='Hidden'",N/A
1756154830.2922065,N/A,N/A,a0:14:3d:ed:92:14,ff:ff:ff:ff:ff:ff,802.11,207,"Beacon Frame, SSID='Hidden'",N/A
1756154830.3454251,N/A,N/A,a0:14:3d:ed:92:14,9e:d9:da:43:0f:b6,802.11,201,Probe Response,N/A
1756154830.3470156,N/A,N/A,a0:14:3d:ed:92:14,9e:d9:da:43:0f:b6,802.11,201,Probe Response,N/A
1756154830.3491447,N/A,N/A,a0:14:3d:ed:92:14,9e:d9:da:43:0f:b6,802.11,201,Probe Response,N/A
1756154830.3656628,N/A,N/A,a0:14:3d:ed:92:14,9e:d9:da:43:0f:b6,802.11,201,Probe Response,N/A
1756154830.366977,N/A,N/A,a0:14:3d:ed:92:14,9e:d9:da:43:0f:b6,802.11,201,Probe Response,N/A
1756154830.3732622,N/A,N/A,a0:14:3d:ed:92:14,9e:d9:da:43:0f:b6,802.11,201,Probe Response,N/A
1756154830.3766656,N/A,N/A,,a0:14:3d:ed:92:14,802.11,50,RadioTap / 802.11 Control Ack 00:00:00:00:00:00 (TA) > a0:14:3d:ed:92:14 (RA),N/A
1756154830.3955488,N/A,N/A,a0:14:3d:ed:92:14,ff:ff:ff:ff:ff:ff,802.11,207,"Beacon Frame, SSID='Hidden'",N/A
1756154830.4198277,N/A,N/A,,a0:14:3d:ed:92:14,802.11,50,RadioTap / 802.11 Control Ack 00:00:00:00:00:00 (TA) > a0:14:3d:ed:92:14 (RA),N/A
1756154830.4848788,N/A,N/A,a0:14:3d:ed:92:14,06:49:44:e6:ac:45,802.11,201,Probe Response,N/A
1756154830.485729,N/A,N/A,a0:14:3d:ed:92:14,06:49:44:e6:ac:45,802.11,201,Probe Response,N/A
1756154830.4875863,N/A,N/A,,a0:14:3d:ed:92:14,802.11,50,RadioTap / 802.11 Control Ack 00:00:00:00:00:00 (TA) > a0:14:3d:ed:92:14 (RA),N/A
1756154830.4963918,N/A,N/A,a0:14:3d:ed:92:14,ff:ff:ff:ff:ff:ff,802.11,207,"Beacon Frame, SSID='Hidden'",N/A
1756154830.5069857,N/A,N/A,a0:14:3d:ed:92:14,06:49:44:e6:ac:45,802.11,201,Probe Response,N/A
1756154830.5076954,N/A,N/A,,a0:14:3d:ed:92:14,802.11,50,RadioTap / 802.11 Control Ack 00:00:00:00:00:00 (TA) > a0:14:3d:ed:92:14 (RA),N/A
1756154830.6021676,N/A,N/A,a0:14:3d:ed:92:14,ff:ff:ff:ff:ff:ff,802.11,207,"Beacon Frame, SSID='Hidden'",N/A
1756154830.7029912,N/A,N/A,a0:14:3d:ed:92:14,ff:ff:ff:ff:ff:ff,802.11,207,"Beacon Frame, SSID='Hidden'",N/A
1756154830.8049874,N/A,N/A,a0:14:3d:ed:92:14,ff:ff:ff:ff:ff:ff,802.11,207,"Beacon Frame, SSID='Hidden'",N/A
1756154830.9098437,N/A,N/A,a0:14:3d:ed:92:14,ff:ff:ff:ff:ff:ff,802.11,207,"Beacon Frame, SSID='Hidden'",N/A
1756154831.0110843,N/A,N/A,a0:14:3d:ed:92:14,ff:ff:ff:ff:ff:ff,802.11,207,"Beacon Frame, SSID='Hidden'",N/A
1756154831.1124628,N/A,N/A,a0:14:3d:ed:92:14,ff:ff:ff:ff:ff:ff,802.11,207,"Beacon Frame, SSID='Hidden'",N/A
1756154831.2162037,N/A,N/A,a0:14:3d:ed:92:14,ff:ff:ff:ff:ff:ff,802.11,207,"Beacon Frame, SSID='Hidden'",N/A
1756154831.3190506,N/A,N/A,a0:14:3d:ed:92:14,ff:ff:ff:ff:ff:ff,802.11,207,"Beacon Frame, SSID='Hidden'",N/A
1756154831.4230075,N/A,N/A,a0:14:3d:ed:92:14,ff:ff:ff:ff:ff:ff,802.11,207,"Beacon Frame, SSID='Hidden'",N/A
1756154831.5219033,N/A,N/A,a0:14:3d:ed:92:14,ff:ff:ff:ff:ff:ff,802.11,207,"Beacon Frame, SSID='Hidden'",N/A
1756154831.623983,N/A,N/A,a0:14:3d:ed:92:14,ff:ff:ff:ff:ff:ff,802.11,207,"Beacon Frame, SSID='Hidden'",N/A
1756154831.7278512,N/A,N/A,a0:14:3d:ed:92:14,ff:ff:ff:ff:ff:ff,802.11,207,"Beacon Frame, SSID='Hidden'",N/A
1756154831.8301983,N/A,N/A,a0:14:3d:ed:92:14,ff:ff:ff:ff:ff:ff,802.11,207,"Beacon Frame, SSID='Hidden'",N/A
1756154831.9314322,N/A,N/A,a0:14:3d:ed:92:14,ff:ff:ff:ff:ff:ff,802.11,207,"Beacon Frame, SSID='Hidden'",N/A
1756154832.033455,N/A,N/A,a0:14:3d:ed:92:14,ff:ff:ff:ff:ff:ff,802.11,207,"Beacon Frame, SSID='Hidden'",N/A
1756154832.1386573,N/A,N/A,a0:14:3d:ed:92:14,ff:ff:ff:ff:ff:ff,802.11,207,"Beacon Frame, SSID='Hidden'",N/A
1756154832.2411091,N/A,N/A,a0:14:3d:ed:92:14,ff:ff:ff:ff:ff:ff,802.11,207,"Beacon Frame, SSID='Hidden'",N/A
1756154832.3415291,N/A,N/A,a0:14:3d:ed:92:14,ff:ff:ff:ff:ff:ff,802.11,207,"Beacon Frame, SSID='Hidden'",N/A
1756154832.4472957,N/A,N/A,a0:14:3d:ed:92:14,ff:ff:ff:ff:ff:ff,802.11,207,"Beacon Frame, SSID='Hidden'",N/A
1756154832.5453916,N/A,N/A,a0:14:3d:ed:92:14,ff:ff:ff:ff:ff:ff,802.11,207,"Beacon Frame, SSID='Hidden'",N/A
1756154832.6492229,N/A,N/A,a0:14:3d:ed:92:14,ff:ff:ff:ff:ff:ff,802.11,207,"Beacon Frame, SSID='Hidden'",N/A
1756154832.751692,N/A,N/A,a0:14:3d:ed:92:14,ff:ff:ff:ff:ff:ff,802.11,207,"Beacon Frame, SSID='Hidden'",N/A
1756154832.853925,N/A,N/A,a0:14:3d:ed:92:14,ff:ff:ff:ff:ff:ff,802.11,207,"Beacon Frame, SSID='Hidden'",N/A
1756154832.9573796,N/A,N/A,a0:14:3d:ed:92:14,ff:ff:ff:ff:ff:ff,802.11,207,"Beacon Frame, SSID='Hidden'",N/A
1756154833.0609736,N/A,N/A,a0:14:3d:ed:92:14,ff:ff:ff:ff:ff:ff,802.11,207,"Beacon Frame, SSID='Hidden'",N/A
1756154833.1643305,N/A,N/A,a0:14:3d:ed:92:14,ff:ff:ff:ff:ff:ff,802.11,207,"Beacon Frame, SSID='Hidden'",N/A
1756154833.2684426,N/A,N/A,a0:14:3d:ed:92:14,ff:ff:ff:ff:ff:ff,802.11,207,"Beacon Frame, SSID='Hidden'",N/A
1756154833.368036,N/A,N/A,a0:14:3d:ed:92:14,ff:ff:ff:ff:ff:ff,802.11,207,"Beacon Frame, SSID='Hidden'",N/A
1756154833.468446,N/A,N/A,a0:14:3d:ed:92:14,ff:ff:ff:ff:ff:ff,802.11,207,"Beacon Frame, SSID='Hidden'",N/A
1756154833.5723765,N/A,N/A,a0:14:3d:ed:92:14,ff:ff:ff:ff:ff:ff,802.11,207,"Beacon Frame, SSID='Hidden'",N/A
1756154833.6734436,N/A,N/A,a0:14:3d:ed:92:14,ff:ff:ff:ff:ff:ff,802.11,207,"Beacon Frame, SSID='Hidden'",N/A
1756154833.7752068,N/A,N/A,a0:14:3d:ed:92:14,ff:ff:ff:ff:ff:ff,802.11,207,"Beacon Frame, SSID='Hidden'",N/A
1756154833.8779583,N/A,N/A,a0:14:3d:ed:92:14,ff:ff:ff:ff:ff:ff,802.11,207,"Beacon Frame, SSID='Hidden'",N/A
1756154833.914074,N/A,N/A,a0:14:3d:ed:92:14,1c:ce:51:1e:bc:fc,802.11,201,Probe Response,N/A
1756154833.9140794,N/A,N/A,,a0:14:3d:ed:92:14,802.11,50,RadioTap / 802.11 Control Ack 00:00:00:00:00:00 (TA) > a0:14:3d:ed:92:14 (RA),N/A
1756154833.9179282,N/A,N/A,a0:14:3d:ed:92:14,1c:ce:51:1e:bc:fc,802.11,201,Probe Response,N/A
1756154833.9190216,N/A,N/A,a0:14:3d:ed:92:14,1c:ce:51:1e:bc:fc,802.11,201,Probe Response,N/A
1756154833.9249492,N/A,N/A,a0:14:3d:ed:92:14,1c:ce:51:1e:bc:fc,802.11,201,Probe Response,N/A
1756154833.9249566,N/A,N/A,,a0:14:3d:ed:92:14,802.11,50,RadioTap / 802.11 Control Ack 00:00:00:00:00:00 (TA) > a0:14:3d:ed:92:14 (RA),N/A
1756154833.926126,N/A,N/A,a0:14:3d:ed:92:14,1c:ce:51:1e:bc:fc,802.11,201,Probe Response,N/A
1756154833.9276817,N/A,N/A,,a0:14:3d:ed:92:14,802.11,50,RadioTap / 802.11 Control Ack 00:00:00:00:00:00 (TA) > a0:14:3d:ed:92:14 (RA),N/A
1756154833.9833868,N/A,N/A,a0:14:3d:ed:92:14,ff:ff:ff:ff:ff:ff,802.11,207,"Beacon Frame, SSID='Hidden'",N/A
1756154834.0830817,N/A,N/A,a0:14:3d:ed:92:14,ff:ff:ff:ff:ff:ff,802.11,207,"Beacon Frame, SSID='Hidden'",N/A
1756154834.1952693,N/A,N/A,a0:14:3d:ed:92:14,ff:ff:ff:ff:ff:ff,802.11,207,"Beacon Frame, SSID='Hidden'",N/A
1756154834.2882667,N/A,N/A,a0:14:3d:ed:92:14,ff:ff:ff:ff:ff:ff,802.11,207,"Beacon Frame, SSID='Hidden'",N/A
1756154834.3899527,N/A,N/A,a0:14:3d:ed:92:14,ff:ff:ff:ff:ff:ff,802.11,207,"Beacon Frame, SSID='Hidden'",N/A
1756154834.4928396,N/A,N/A,a0:14:3d:ed:92:14,ff:ff:ff:ff:ff:ff,802.11,207,"Beacon Frame, SSID='Hidden'",N/A
1756154834.5944865,N/A,N/A,a0:14:3d:ed:92:14,ff:ff:ff:ff:ff:ff,802.11,207,"Beacon Frame, SSID='Hidden'",N/A
1756154834.700445,N/A,N/A,a0:14:3d:ed:92:14,ff:ff:ff:ff:ff:ff,802.11,207,"Beacon Frame, SSID='Hidden'",N/A
1756154834.8002875,N/A,N/A,a0:14:3d:ed:92:14,ff:ff:ff:ff:ff:ff,802.11,207,"Beacon Frame, SSID='Hidden'",N/A
1756154834.902933,N/A,N/A,a0:14:3d:ed:92:14,ff:ff:ff:ff:ff:ff,802.11,207,"Beacon Frame, SSID='Hidden'",N/A
1756154835.0062072,N/A,N/A,a0:14:3d:ed:92:14,ff:ff:ff:ff:ff:ff,802.11,207,"Beacon Frame, SSID='Hidden'",N/A
1756154835.1124618,N/A,N/A,a0:14:3d:ed:92:14,ff:ff:ff:ff:ff:ff,802.11,207,"Beacon Frame, SSID='Hidden'",N/A
1756154835.2098548,N/A,N/A,a0:14:3d:ed:92:14,ff:ff:ff:ff:ff:ff,802.11,207,"Beacon Frame, SSID='Hidden'",N/A
1756154835.3131864,N/A,N/A,a0:14:3d:ed:92:14,ff:ff:ff:ff:ff:ff,802.11,207,"Beacon Frame, SSID='Hidden'",N/A
1756154835.4151373,N/A,N/A,a0:14:3d:ed:92:14,ff:ff:ff:ff:ff:ff,802.11,207,"Beacon Frame, SSID='Hidden'",N/A
1756154835.5181344,N/A,N/A,a0:14:3d:ed:92:14,ff:ff:ff:ff:ff:ff,802.11,207,"Beacon Frame, SSID='Hidden'",N/A
1756154835.623806,N/A,N/A,a0:14:3d:ed:92:14,ff:ff:ff:ff:ff:ff,802.11,207,"Beacon Frame, SSID='Hidden'",N/A
1756154835.7248216,N/A,N/A,a0:14:3d:ed:92:14,ff:ff:ff:ff:ff:ff,802.11,207,"Beacon Frame, SSID='Hidden'",N/A
1756154835.8293538,N/A,N/A,a0:14:3d:ed:92:14,ff:ff:ff:ff:ff:ff,802.11,207,"Beacon Frame, SSID='Hidden'",N/A
1756154835.9315703,N/A,N/A,a0:14:3d:ed:92:14,ff:ff:ff:ff:ff:ff,802.11,207,"Beacon Frame, SSID='Hidden'",N/A
1756154836.0292194,N/A,N/A,a0:14:3d:ed:92:14,ff:ff:ff:ff:ff:ff,802.11,207,"Beacon Frame, SSID='Hidden'",N/A
1756154836.1313007,N/A,N/A,a0:14:3d:ed:92:14,ff:ff:ff:ff:ff:ff,802.11,207,"Beacon Frame, SSID='Hidden'",N/A
1756154836.2361946,N/A,N/A,a0:14:3d:ed:92:14,ff:ff:ff:ff:ff:ff,802.11,207,"Beacon Frame, SSID='Hidden'",N/A
1756154836.3379807,N/A,N/A,a0:14:3d:ed:92:14,ff:ff:ff:ff:ff:ff,802.11,207,"Beacon Frame, SSID='Hidden'",N/A
1756154836.4418552,N/A,N/A,a0:14:3d:ed:92:14,ff:ff:ff:ff:ff:ff,802.11,207,"Beacon Frame, SSID='Hidden'",N/A
1756154836.5441597,N/A,N/A,a0:14:3d:ed:92:14,ff:ff:ff:ff:ff:ff,802.11,207,"Beacon Frame, SSID='Hidden'",N/A
1756154836.6447434,N/A,N/A,a0:14:3d:ed:92:14,ff:ff:ff:ff:ff:ff,802.11,207,"Beacon Frame, SSID='Hidden'",N/A
1756154836.7473807,N/A,N/A,a0:14:3d:ed:92:14,ff:ff:ff:ff:ff:ff,802.11,207,"Beacon Frame, SSID='Hidden'",N/A
1756154836.8496568,N/A,N/A,a0:14:3d:ed:92:14,ff:ff:ff:ff:ff:ff,802.11,207,"Beacon Frame, SSID='Hidden'",N/A
1756154836.9531252,N/A,N/A,a0:14:3d:ed:92:14,ff:ff:ff:ff:ff:ff,802.11,207,"Beacon Frame, SSID='Hidden'",N/A
1756154837.0265357,N/A,N/A,a0:14:3d:ed:92:14,1a:17:bf:6b:e1:f9,802.11,201,Probe Response,N/A
1756154837.0282946,N/A,N/A,a0:14:3d:ed:92:14,1a:17:bf:6b:e1:f9,802.11,201,Probe Response,N/A
1756154837.0331295,N/A,N/A,a0:14:3d:ed:92:14,1a:17:bf:6b:e1:f9,802.11,201,Probe Response,N/A
1756154837.0539331,N/A,N/A,a0:14:3d:ed:92:14,ff:ff:ff:ff:ff:ff,802.11,207,"Beacon Frame, SSID='Hidden'",N/A
1756154837.1633942,N/A,N/A,a0:14:3d:ed:92:14,ff:ff:ff:ff:ff:ff,802.11,207,"Beacon Frame, SSID='Hidden'",N/A
1756154837.2612364,N/A,N/A,a0:14:3d:ed:92:14,ff:ff:ff:ff:ff:ff,802.11,207,"Beacon Frame, SSID='Hidden'",N/A
1756154837.3613725,N/A,N/A,a0:14:3d:ed:92:14,ff:ff:ff:ff:ff:ff,802.11,207,"Beacon Frame, SSID='Hidden'",N/A
1756154837.4661658,N/A,N/A,a0:14:3d:ed:92:14,ff:ff:ff:ff:ff:ff,802.11,207,"Beacon Frame, SSID='Hidden'",N/A
1756154837.569166,N/A,N/A,a0:14:3d:ed:92:14,ff:ff:ff:ff:ff:ff,802.11,207,"Beacon Frame, SSID='Hidden'",N/A
1756154837.6738732,N/A,N/A,a0:14:3d:ed:92:14,ff:ff:ff:ff:ff:ff,802.11,207,"Beacon Frame, SSID='Hidden'",N/A
1756154837.7721746,N/A,N/A,a0:14:3d:ed:92:14,ff:ff:ff:ff:ff:ff,802.11,207,"Beacon Frame, SSID='Hidden'",N/A
1756154837.8756459,N/A,N/A,a0:14:3d:ed:92:14,ff:ff:ff:ff:ff:ff,802.11,207,"Beacon Frame, SSID='Hidden'",N/A
1756154837.9779394,N/A,N/A,a0:14:3d:ed:92:14,ff:ff:ff:ff:ff:ff,802.11,207,"Beacon Frame, SSID='Hidden'",N/A
1756154838.0814326,N/A,N/A,a0:14:3d:ed:92:14,ff:ff:ff:ff:ff:ff,802.11,207,"Beacon Frame, SSID='Hidden'",N/A
1756154838.1898446,N/A,N/A,a0:14:3d:ed:92:14,ff:ff:ff:ff:ff:ff,802.11,207,"Beacon Frame, SSID='Hidden'",N/A
1756154838.2877617,N/A,N/A,a0:14:3d:ed:92:14,ff:ff:ff:ff:ff:ff,802.11,207,"Beacon Frame, SSID='Hidden'",N/A
1756154838.3945506,N/A,N/A,a0:14:3d:ed:92:14,ff:ff:ff:ff:ff:ff,802.11,207,"Beacon Frame, SSID='Hidden'",N/A
1756154838.4940298,N/A,N/A,a0:14:3d:ed:92:14,ff:ff:ff:ff:ff:ff,802.11,207,"Beacon Frame, SSID='Hidden'",N/A
1756154838.5960994,N/A,N/A,a0:14:3d:ed:92:14,ff:ff:ff:ff:ff:ff,802.11,207,"Beacon Frame, SSID='Hidden'",N/A
1756154838.6942322,N/A,N/A,a0:14:3d:ed:92:14,ff:ff:ff:ff:ff:ff,802.11,207,"Beacon Frame, SSID='Hidden'",N/A
1756154838.7958524,N/A,N/A,a0:14:3d:ed:92:14,ff:ff:ff:ff:ff:ff,802.11,207,"Beacon Frame, SSID='Hidden'",N/A
1756154838.8978267,N/A,N/A,a0:14:3d:ed:92:14,ff:ff:ff:ff:ff:ff,802.11,207,"Beacon Frame, SSID='Hidden'",N/A
1756154839.0036612,N/A,N/A,a0:14:3d:ed:92:14,ff:ff:ff:ff:ff:ff,802.11,207,"Beacon Frame, SSID='Hidden'",N/A
1756154839.103306,N/A,N/A,a0:14:3d:ed:92:14,ff:ff:ff:ff:ff:ff,802.11,207,"Beacon Frame, SSID='Hidden'",N/A
1756154839.2058964,N/A,N/A,a0:14:3d:ed:92:14,ff:ff:ff:ff:ff:ff,802.11,207,"Beacon Frame, SSID='Hidden'",N/A
1756154839.3122523,N/A,N/A,a0:14:3d:ed:92:14,ff:ff:ff:ff:ff:ff,802.11,207,"Beacon Frame, SSID='Hidden'",N/A
1756154839.40988,N/A,N/A,a0:14:3d:ed:92:14,ff:ff:ff:ff:ff:ff,802.11,207,"Beacon Frame, SSID='Hidden'",N/A
1756154839.5188427,N/A,N/A,a0:14:3d:ed:92:14,ff:ff:ff:ff:ff:ff,802.11,207,"Beacon Frame, SSID='Hidden'",N/A
1756154839.616839,N/A,N/A,a0:14:3d:ed:92:14,ff:ff:ff:ff:ff:ff,802.11,207,"Beacon Frame, SSID='Hidden'",N/A
1756154839.7206843,N/A,N/A,a0:14:3d:ed:92:14,ff:ff:ff:ff:ff:ff,802.11,207,"Beacon Frame, SSID='Hidden'",N/A
1756154839.8202994,N/A,N/A,a0:14:3d:ed:92:14,ff:ff:ff:ff:ff:ff,802.11,207,"Beacon Frame, SSID='Hidden'",N/A
1756154839.9233885,N/A,N/A,a0:14:3d:ed:92:14,ff:ff:ff:ff:ff:ff,802.11,207,"Beacon Frame, SSID='Hidden'",N/A
1756154840.0261445,N/A,N/A,a0:14:3d:ed:92:14,ff:ff:ff:ff:ff:ff,802.11,207,"Beacon Frame, SSID='Hidden'",N/A
1756154840.1308272,N/A,N/A,a0:14:3d:ed:92:14,ff:ff:ff:ff:ff:ff,802.11,207,"Beacon Frame, SSID='Hidden'",N/A
1756154840.2319229,N/A,N/A,a0:14:3d:ed:92:14,ff:ff:ff:ff:ff:ff,802.11,207,"Beacon Frame, SSID='Hidden'",N/A
1756154840.3354871,N/A,N/A,a0:14:3d:ed:92:14,ff:ff:ff:ff:ff:ff,802.11,207,"Beacon Frame, SSID='Hidden'",N/A
1756154840.4359074,N/A,N/A,a0:14:3d:ed:92:14,ff:ff:ff:ff:ff:ff,802.11,207,"Beacon Frame, SSID='Hidden'",N/A
1756154840.5378165,N/A,N/A,a0:14:3d:ed:92:14,ff:ff:ff:ff:ff:ff,802.11,207,"Beacon Frame, SSID='Hidden'",N/A
1756154840.6422288,N/A,N/A,a0:14:3d:ed:92:14,ff:ff:ff:ff:ff:ff,802.11,207,"Beacon Frame, SSID='Hidden'",N/A
1756154840.743825,N/A,N/A,a0:14:3d:ed:92:14,ff:ff:ff:ff:ff:ff,802.11,207,"Beacon Frame, SSID='Hidden'",N/A
1756154840.845334,N/A,N/A,a0:14:3d:ed:92:14,ff:ff:ff:ff:ff:ff,802.11,207,"Beacon Frame, SSID='Hidden'",N/A
1756154840.9472075,N/A,N/A,a0:14:3d:ed:92:14,ff:ff:ff:ff:ff:ff,802.11,207,"Beacon Frame, SSID='Hidden'",N/A
1756154841.0503182,N/A,N/A,a0:14:3d:ed:92:14,ff:ff:ff:ff:ff:ff,802.11,207,"Beacon Frame, SSID='Hidden'",N/A
1756154841.1522677,N/A,N/A,a0:14:3d:ed:92:14,ff:ff:ff:ff:ff:ff,802.11,207,"Beacon Frame, SSID='Hidden'",N/A
1756154841.2568753,N/A,N/A,a0:14:3d:ed:92:14,ff:ff:ff:ff:ff:ff,802.11,207,"Beacon Frame, SSID='Hidden'",N/A
1756154841.3575437,N/A,N/A,a0:14:3d:ed:92:14,ff:ff:ff:ff:ff:ff,802.11,207,"Beacon Frame, SSID='Hidden'",N/A
1756154841.460955,N/A,N/A,a0:14:3d:ed:92:14,ff:ff:ff:ff:ff:ff,802.11,207,"Beacon Frame, SSID='Hidden'",N/A
1756154841.5627909,N/A,N/A,a0:14:3d:ed:92:14,ff:ff:ff:ff:ff:ff,802.11,207,"Beacon Frame, SSID='Hidden'",N/A
1756154841.6646297,N/A,N/A,a0:14:3d:ed:92:14,ff:ff:ff:ff:ff:ff,802.11,207,"Beacon Frame, SSID='Hidden'",N/A
1756154841.7664936,N/A,N/A,a0:14:3d:ed:92:14,ff:ff:ff:ff:ff:ff,802.11,207,"Beacon Frame, SSID='Hidden'",N/A
1756154841.8694055,N/A,N/A,a0:14:3d:ed:92:14,ff:ff:ff:ff:ff:ff,802.11,207,"Beacon Frame, SSID='Hidden'",N/A
1756154841.9726737,N/A,N/A,a0:14:3d:ed:92:14,ff:ff:ff:ff:ff:ff,802.11,207,"Beacon Frame, SSID='Hidden'",N/A
1756154842.074048,N/A,N/A,a0:14:3d:ed:92:14,ff:ff:ff:ff:ff:ff,802.11,207,"Beacon Frame, SSID='Hidden'",N/A
1756154842.1779792,N/A,N/A,a0:14:3d:ed:92:14,ff:ff:ff:ff:ff:ff,802.11,207,"Beacon Frame, SSID='Hidden'",N/A
1756154842.279976,N/A,N/A,a0:14:3d:ed:92:14,ff:ff:ff:ff:ff:ff,802.11,207,"Beacon Frame, SSID='Hidden'",N/A
1756154842.3837306,N/A,N/A,a0:14:3d:ed:92:14,ff:ff:ff:ff:ff:ff,802.11,207,"Beacon Frame, SSID='Hidden'",N/A
1756154842.4848456,N/A,N/A,a0:14:3d:ed:92:14,ff:ff:ff:ff:ff:ff,802.11,207,"Beacon Frame, SSID='Hidden'",N/A
1756154842.5867403,N/A,N/A,a0:14:3d:ed:92:14,ff:ff:ff:ff:ff:ff,802.11,207,"Beacon Frame, SSID='Hidden'",N/A
1756154842.688429,N/A,N/A,a0:14:3d:ed:92:14,ff:ff:ff:ff:ff:ff,802.11,207,"Beacon Frame, SSID='Hidden'",N/A
1756154842.7935596,N/A,N/A,a0:14:3d:ed:92:14,ff:ff:ff:ff:ff:ff,802.11,207,"Beacon Frame, SSID='Hidden'",N/A
1756154842.8952005,N/A,N/A,a0:14:3d:ed:92:14,ff:ff:ff:ff:ff:ff,802.11,207,"Beacon Frame, SSID='Hidden'",N/A
1756154842.9970326,N/A,N/A,a0:14:3d:ed:92:14,ff:ff:ff:ff:ff:ff,802.11,207,"Beacon Frame, SSID='Hidden'",N/A
1756154843.1006722,N/A,N/A,a0:14:3d:ed:92:14,ff:ff:ff:ff:ff:ff,802.11,207,"Beacon Frame, SSID='Hidden'",N/A
1756154843.2019908,N/A,N/A,a0:14:3d:ed:92:14,ff:ff:ff:ff:ff:ff,802.11,207,"Beacon Frame, SSID='Hidden'",N/A
1756154843.3093047,N/A,N/A,a0:14:3d:ed:92:14,ff:ff:ff:ff:ff:ff,802.11,207,"Beacon Frame, SSID='Hidden'",N/A
1756154843.4059777,N/A,N/A,a0:14:3d:ed:92:14,ff:ff:ff:ff:ff:ff,802.11,207,"Beacon Frame, SSID='Hidden'",N/A
1756154843.5086365,N/A,N/A,a0:14:3d:ed:92:14,ff:ff:ff:ff:ff:ff,802.11,207,"Beacon Frame, SSID='Hidden'",N/A
1756154843.6119382,N/A,N/A,a0:14:3d:ed:92:14,ff:ff:ff:ff:ff:ff,802.11,207,"Beacon Frame, SSID='Hidden'",N/A
1756154843.7146487,N/A,N/A,a0:14:3d:ed:92:14,ff:ff:ff:ff:ff:ff,802.11,207,"Beacon Frame, SSID='Hidden'",N/A
1756154843.822355,N/A,N/A,a0:14:3d:ed:92:14,ff:ff:ff:ff:ff:ff,802.11,207,"Beacon Frame, SSID='Hidden'",N/A
1756154843.92153,N/A,N/A,a0:14:3d:ed:92:14,ff:ff:ff:ff:ff:ff,802.11,207,"Beacon Frame, SSID='Hidden'",N/A
1756154844.0231907,N/A,N/A,a0:14:3d:ed:92:14,ff:ff:ff:ff:ff:ff,802.11,207,"Beacon Frame, SSID='Hidden'",N/A
1756154844.1290083,N/A,N/A,a0:14:3d:ed:92:14,ff:ff:ff:ff:ff:ff,802.11,207,"Beacon Frame, SSID='Hidden'",N/A
1756154844.2262342,N/A,N/A,a0:14:3d:ed:92:14,ff:ff:ff:ff:ff:ff,802.11,207,"Beacon Frame, SSID='Hidden'",N/A
1756154844.3325384,N/A,N/A,a0:14:3d:ed:92:14,ff:ff:ff:ff:ff:ff,802.11,207,"Beacon Frame, SSID='Hidden'",N/A
1756154844.4314642,N/A,N/A,a0:14:3d:ed:92:14,ff:ff:ff:ff:ff:ff,802.11,207,"Beacon Frame, SSID='Hidden'",N/A
1756154844.5339546,N/A,N/A,a0:14:3d:ed:92:14,ff:ff:ff:ff:ff:ff,802.11,207,"Beacon Frame, SSID='Hidden'",N/A
1756154844.638256,N/A,N/A,a0:14:3d:ed:92:14,ff:ff:ff:ff:ff:ff,802.11,207,"Beacon Frame, SSID='Hidden'",N/A
1756154844.738345,N/A,N/A,a0:14:3d:ed:92:14,ff:ff:ff:ff:ff:ff,802.11,207,"Beacon Frame, SSID='Hidden'",N/A
1756154844.8438349,N/A,N/A,a0:14:3d:ed:92:14,ff:ff:ff:ff:ff:ff,802.11,207,"Beacon Frame, SSID='Hidden'",N/A
1756154844.943517,N/A,N/A,a0:14:3d:ed:92:14,ff:ff:ff:ff:ff:ff,802.11,207,"Beacon Frame, SSID='Hidden'",N/A
1756154845.0476856,N/A,N/A,a0:14:3d:ed:92:14,ff:ff:ff:ff:ff:ff,802.11,207,"Beacon Frame, SSID='Hidden'",N/A
1756154845.151113,N/A,N/A,a0:14:3d:ed:92:14,ff:ff:ff:ff:ff:ff,802.11,207,"Beacon Frame, SSID='Hidden'",N/A
1756154845.250364,N/A,N/A,a0:14:3d:ed:92:14,ff:ff:ff:ff:ff:ff,802.11,207,"Beacon Frame, SSID='Hidden'",N/A
1756154845.3528275,N/A,N/A,a0:14:3d:ed:92:14,ff:ff:ff:ff:ff:ff,802.11,207,"Beacon Frame, SSID='Hidden'",N/A
1756154845.4575312,N/A,N/A,a0:14:3d:ed:92:14,ff:ff:ff:ff:ff:ff,802.11,207,"Beacon Frame, SSID='Hidden'",N/A
1756154845.558857,N/A,N/A,a0:14:3d:ed:92:14,ff:ff:ff:ff:ff:ff,802.11,207,"Beacon Frame, SSID='Hidden'",N/A
1756154845.6613605,N/A,N/A,a0:14:3d:ed:92:14,ff:ff:ff:ff:ff:ff,802.11,207,"Beacon Frame, SSID='Hidden'",N/A
1756154845.7646072,N/A,N/A,a0:14:3d:ed:92:14,ff:ff:ff:ff:ff:ff,802.11,207,"Beacon Frame, SSID='Hidden'",N/A
1756154845.8654923,N/A,N/A,a0:14:3d:ed:92:14,ff:ff:ff:ff:ff:ff,802.11,207,"Beacon Frame, SSID='Hidden'",N/A
1756154845.9672487,N/A,N/A,a0:14:3d:ed:92:14,ff:ff:ff:ff:ff:ff,802.11,207,"Beacon Frame, SSID='Hidden'",N/A
1756154846.0725007,N/A,N/A,a0:14:3d:ed:92:14,ff:ff:ff:ff:ff:ff,802.11,207,"Beacon Frame, SSID='Hidden'",N/A
1756154846.172312,N/A,N/A,a0:14:3d:ed:92:14,ff:ff:ff:ff:ff:ff,802.11,207,"Beacon Frame, SSID='Hidden'",N/A
1756154846.2778468,N/A,N/A,a0:14:3d:ed:92:14,ff:ff:ff:ff:ff:ff,802.11,207,"Beacon Frame, SSID='Hidden'",N/A
1756154846.3800008,N/A,N/A,a0:14:3d:ed:92:14,ff:ff:ff:ff:ff:ff,802.11,207,"Beacon Frame, SSID='Hidden'",N/A
1756154846.4818292,N/A,N/A,a0:14:3d:ed:92:14,ff:ff:ff:ff:ff:ff,802.11,207,"Beacon Frame, SSID='Hidden'",N/A
1756154846.5849571,N/A,N/A,a0:14:3d:ed:92:14,ff:ff:ff:ff:ff:ff,802.11,207,"Beacon Frame, SSID='Hidden'",N/A
1756154846.6871889,N/A,N/A,a0:14:3d:ed:92:14,ff:ff:ff:ff:ff:ff,802.11,207,"Beacon Frame, SSID='Hidden'",N/A
1756154846.7872958,N/A,N/A,a0:14:3d:ed:92:14,ff:ff:ff:ff:ff:ff,802.11,207,"Beacon Frame, SSID='Hidden'",N/A
1756154846.8898284,N/A,N/A,a0:14:3d:ed:92:14,ff:ff:ff:ff:ff:ff,802.11,207,"Beacon Frame, SSID='Hidden'",N/A
1756154846.9947453,N/A,N/A,a0:14:3d:ed:92:14,ff:ff:ff:ff:ff:ff,802.11,207,"Beacon Frame, SSID='Hidden'",N/A
1756154847.0971599,N/A,N/A,a0:14:3d:ed:92:14,ff:ff:ff:ff:ff:ff,802.11,207,"Beacon Frame, SSID='Hidden'",N/A
1756154847.1967976,N/A,N/A,a0:14:3d:ed:92:14,ff:ff:ff:ff:ff:ff,802.11,207,"Beacon Frame, SSID='Hidden'",N/A
1756154847.2989774,N/A,N/A,a0:14:3d:ed:92:14,ff:ff:ff:ff:ff:ff,802.11,207,"Beacon Frame, SSID='Hidden'",N/A
1756154847.401992,N/A,N/A,a0:14:3d:ed:92:14,ff:ff:ff:ff:ff:ff,802.11,207,"Beacon Frame, SSID='Hidden'",N/A
1756154847.5054257,N/A,N/A,a0:14:3d:ed:92:14,ff:ff:ff:ff:ff:ff,802.11,207,"Beacon Frame, SSID='Hidden'",N/A
1756154847.6114483,N/A,N/A,a0:14:3d:ed:92:14,ff:ff:ff:ff:ff:ff,802.11,207,"Beacon Frame, SSID='Hidden'",N/A
1756154847.7103517,N/A,N/A,a0:14:3d:ed:92:14,ff:ff:ff:ff:ff:ff,802.11,207,"Beacon Frame, SSID='Hidden'",N/A
1756154847.8160338,N/A,N/A,a0:14:3d:ed:92:14,ff:ff:ff:ff:ff:ff,802.11,207,"Beacon Frame, SSID='Hidden'",N/A
1756154847.915484,N/A,N/A,a0:14:3d:ed:92:14,ff:ff:ff:ff:ff:ff,802.11,207,"Beacon Frame, SSID='Hidden'",N/A
1756154848.0172744,N/A,N/A,a0:14:3d:ed:92:14,ff:ff:ff:ff:ff:ff,802.11,207,"Beacon Frame, SSID='Hidden'",N/A
1756154848.1202347,N/A,N/A,a0:14:3d:ed:92:14,ff:ff:ff:ff:ff:ff,802.11,207,"Beacon Frame, SSID='Hidden'",N/A
1756154848.2245796,N/A,N/A,a0:14:3d:ed:92:14,ff:ff:ff:ff:ff:ff,802.11,207,"Beacon Frame, SSID='Hidden'",N/A
1756154848.3241556,N/A,N/A,a0:14:3d:ed:92:14,ff:ff:ff:ff:ff:ff,802.11,207,"Beacon Frame, SSID='Hidden'",N/A
1756154848.4266822,N/A,N/A,a0:14:3d:ed:92:14,ff:ff:ff:ff:ff:ff,802.11,207,"Beacon Frame, SSID='Hidden'",N/A
1756154848.530574,N/A,N/A,a0:14:3d:ed:92:14,ff:ff:ff:ff:ff:ff,802.11,207,"Beacon Frame, SSID='Hidden'",N/A
1756154848.6335034,N/A,N/A,a0:14:3d:ed:92:14,ff:ff:ff:ff:ff:ff,802.11,207,"Beacon Frame, SSID='Hidden'",N/A
1756154848.7424552,N/A,N/A,a0:14:3d:ed:92:14,ff:ff:ff:ff:ff:ff,802.11,207,"Beacon Frame, SSID='Hidden'",N/A
1756154848.8385606,N/A,N/A,a0:14:3d:ed:92:14,ff:ff:ff:ff:ff:ff,802.11,207,"Beacon Frame, SSID='Hidden'",N/A
1756154848.9393218,N/A,N/A,a0:14:3d:ed:92:14,ff:ff:ff:ff:ff:ff,802.11,207,"Beacon Frame, SSID='Hidden'",N/A
1756154849.0429323,N/A,N/A,a0:14:3d:ed:92:14,ff:ff:ff:ff:ff:ff,802.11,207,"Beacon Frame, SSID='Hidden'",N/A
1756154849.1480727,N/A,N/A,a0:14:3d:ed:92:14,ff:ff:ff:ff:ff:ff,802.11,207,"Beacon Frame, SSID='Hidden'",N/A
1756154849.2510865,N/A,N/A,a0:14:3d:ed:92:14,ff:ff:ff:ff:ff:ff,802.11,207,"Beacon Frame, SSID='Hidden'",N/A
1756154849.3561559,N/A,N/A,a0:14:3d:ed:92:14,ff:ff:ff:ff:ff:ff,802.11,207,"Beacon Frame, SSID='Hidden'",N/A
1756154849.4557464,N/A,N/A,a0:14:3d:ed:92:14,ff:ff:ff:ff:ff:ff,802.11,207,"Beacon Frame, SSID='Hidden'",N/A
1756154849.560438,N/A,N/A,a0:14:3d:ed:92:14,ff:ff:ff:ff:ff:ff,802.11,207,"Beacon Frame, SSID='Hidden'",N/A
1756154849.6635947,N/A,N/A,a0:14:3d:ed:92:14,ff:ff:ff:ff:ff:ff,802.11,207,"Beacon Frame, SSID='Hidden'",N/A
1756154849.7589617,N/A,N/A,a0:14:3d:ed:92:14,ff:ff:ff:ff:ff:ff,802.11,207,"Beacon Frame, SSID='Hidden'",N/A
1756154849.8609276,N/A,N/A,a0:14:3d:ed:92:14,ff:ff:ff:ff:ff:ff,802.11,207,"Beacon Frame, SSID='Hidden'",N/A
1756154849.9630256,N/A,N/A,a0:14:3d:ed:92:14,ff:ff:ff:ff:ff:ff,802.11,207,"Beacon Frame, SSID='Hidden'",N/A
1756154850.066282,N/A,N/A,a0:14:3d:ed:92:14,ff:ff:ff:ff:ff:ff,802.11,207,"Beacon Frame, SSID='Hidden'",N/A
1756154850.1685538,N/A,N/A,a0:14:3d:ed:92:14,ff:ff:ff:ff:ff:ff,802.11,207,"Beacon Frame, SSID='Hidden'",N/A
1756154850.2717602,N/A,N/A,a0:14:3d:ed:92:14,ff:ff:ff:ff:ff:ff,802.11,207,"Beacon Frame, SSID='Hidden'",N/A
1756154850.3733528,N/A,N/A,a0:14:3d:ed:92:14,ff:ff:ff:ff:ff:ff,802.11,207,"Beacon Frame, SSID='Hidden'",N/A
1756154850.4755175,N/A,N/A,a0:14:3d:ed:92:14,ff:ff:ff:ff:ff:ff,802.11,207,"Beacon Frame, SSID='Hidden'",N/A
1756154850.5789633,N/A,N/A,a0:14:3d:ed:92:14,ff:ff:ff:ff:ff:ff,802.11,207,"Beacon Frame, SSID='Hidden'",N/A
1756154850.6835485,N/A,N/A,a0:14:3d:ed:92:14,ff:ff:ff:ff:ff:ff,802.11,207,"Beacon Frame, SSID='Hidden'",N/A
1756154850.7855668,N/A,N/A,a0:14:3d:ed:92:14,ff:ff:ff:ff:ff:ff,802.11,207,"Beacon Frame, SSID='Hidden'",N/A
1756154850.8858485,N/A,N/A,a0:14:3d:ed:92:14,ff:ff:ff:ff:ff:ff,802.11,207,"Beacon Frame, SSID='Hidden'",N/A
1756154850.9912298,N/A,N/A,a0:14:3d:ed:92:14,ff:ff:ff:ff:ff:ff,802.11,207,"Beacon Frame, SSID='Hidden'",N/A
1756154851.0906467,N/A,N/A,a0:14:3d:ed:92:14,ff:ff:ff:ff:ff:ff,802.11,207,"Beacon Frame, SSID='Hidden'",N/A
1756154851.1958206,N/A,N/A,a0:14:3d:ed:92:14,ff:ff:ff:ff:ff:ff,802.11,207,"Beacon Frame, SSID='Hidden'",N/A
1756154851.2953744,N/A,N/A,a0:14:3d:ed:92:14,ff:ff:ff:ff:ff:ff,802.11,207,"Beacon Frame, SSID='Hidden'",N/A
1756154851.3988557,N/A,N/A,a0:14:3d:ed:92:14,ff:ff:ff:ff:ff:ff,802.11,207,"Beacon Frame, SSID='Hidden'",N/A
1756154851.500765,N/A,N/A,a0:14:3d:ed:92:14,ff:ff:ff:ff:ff:ff,802.11,207,"Beacon Frame, SSID='Hidden'",N/A
1756154851.6033227,N/A,N/A,a0:14:3d:ed:92:14,ff:ff:ff:ff:ff:ff,802.11,207,"Beacon Frame, SSID='Hidden'",N/A
1756154851.7050803,N/A,N/A,a0:14:3d:ed:92:14,ff:ff:ff:ff:ff:ff,802.11,207,"Beacon Frame, SSID='Hidden'",N/A
1756154851.8075433,N/A,N/A,a0:14:3d:ed:92:14,ff:ff:ff:ff:ff:ff,802.11,207,"Beacon Frame, SSID='Hidden'",N/A
1756154851.910941,N/A,N/A,a0:14:3d:ed:92:14,ff:ff:ff:ff:ff:ff,802.11,207,"Beacon Frame, SSID='Hidden'",N/A
1756154852.0148084,N/A,N/A,a0:14:3d:ed:92:14,ff:ff:ff:ff:ff:ff,802.11,207,"Beacon Frame, SSID='Hidden'",N/A
1756154852.1202395,N/A,N/A,a0:14:3d:ed:92:14,ff:ff:ff:ff:ff:ff,802.11,207,"Beacon Frame, SSID='Hidden'",N/A
1756154852.2170298,N/A,N/A,a0:14:3d:ed:92:14,ff:ff:ff:ff:ff:ff,802.11,207,"Beacon Frame, SSID='Hidden'",N/A
1756154852.3293242,N/A,N/A,a0:14:3d:ed:92:14,ff:ff:ff:ff:ff:ff,802.11,207,"Beacon Frame, SSID='Hidden'",N/A
1756154852.4218526,N/A,N/A,a0:14:3d:ed:92:14,ff:ff:ff:ff:ff:ff,802.11,207,"Beacon Frame, SSID='Hidden'",N/A
1756154852.5261455,N/A,N/A,a0:14:3d:ed:92:14,ff:ff:ff:ff:ff:ff,802.11,207,"Beacon Frame, SSID='Hidden'",N/A
1756154852.6328363,N/A,N/A,a0:14:3d:ed:92:14,ff:ff:ff:ff:ff:ff,802.11,207,"Beacon Frame, SSID='Hidden'",N/A
1756154852.731456,N/A,N/A,a0:14:3d:ed:92:14,ff:ff:ff:ff:ff:ff,802.11,207,"Beacon Frame, SSID='Hidden'",N/A
1756154852.8324068,N/A,N/A,a0:14:3d:ed:92:14,ff:ff:ff:ff:ff:ff,802.11,207,"Beacon Frame, SSID='Hidden'",N/A
1756154852.935259,N/A,N/A,a0:14:3d:ed:92:14,ff:ff:ff:ff:ff:ff,802.11,207,"Beacon Frame, SSID='Hidden'",N/A
1756154853.0404043,N/A,N/A,a0:14:3d:ed:92:14,ff:ff:ff:ff:ff:ff,802.11,207,"Beacon Frame, SSID='Hidden'",N/A
1756154853.1408408,N/A,N/A,a0:14:3d:ed:92:14,ff:ff:ff:ff:ff:ff,802.11,207,"Beacon Frame, SSID='Hidden'",N/A
1756154853.2432697,N/A,N/A,a0:14:3d:ed:92:14,ff:ff:ff:ff:ff:ff,802.11,207,"Beacon Frame, SSID='Hidden'",N/A
1756154853.2689176,N/A,N/A,a0:14:3d:ed:92:14,02:92:30:13:2f:1a,802.11,201,Probe Response,N/A
1756154853.2738268,N/A,N/A,,a0:14:3d:ed:92:14,802.11,50,RadioTap / 802.11 Control Ack 00:00:00:00:00:00 (TA) > a0:14:3d:ed:92:14 (RA),N/A
1756154853.2781775,N/A,N/A,a0:14:3d:ed:92:14,02:92:30:13:2f:1a,802.11,201,Probe Response,N/A
1756154853.2792115,N/A,N/A,,a0:14:3d:ed:92:14,802.11,50,RadioTap / 802.11 Control Ack 00:00:00:00:00:00 (TA) > a0:14:3d:ed:92:14 (RA),N/A
1756154853.3456128,N/A,N/A,a0:14:3d:ed:92:14,ff:ff:ff:ff:ff:ff,802.11,207,"Beacon Frame, SSID='Hidden'",N/A
1756154853.450289,N/A,N/A,a0:14:3d:ed:92:14,ff:ff:ff:ff:ff:ff,802.11,207,"Beacon Frame, SSID='Hidden'",N/A
1756154853.550046,N/A,N/A,a0:14:3d:ed:92:14,ff:ff:ff:ff:ff:ff,802.11,207,"Beacon Frame, SSID='Hidden'",N/A
1756154853.6550143,N/A,N/A,a0:14:3d:ed:92:14,ff:ff:ff:ff:ff:ff,802.11,207,"Beacon Frame, SSID='Hidden'",N/A
1756154853.7539341,N/A,N/A,a0:14:3d:ed:92:14,ff:ff:ff:ff:ff:ff,802.11,207,"Beacon Frame, SSID='Hidden'",N/A
1756154853.8612852,N/A,N/A,a0:14:3d:ed:92:14,ff:ff:ff:ff:ff:ff,802.11,207,"Beacon Frame, SSID='Hidden'",N/A
1756154853.959497,N/A,N/A,a0:14:3d:ed:92:14,ff:ff:ff:ff:ff:ff,802.11,207,"Beacon Frame, SSID='Hidden'",N/A
1756154854.062013,N/A,N/A,a0:14:3d:ed:92:14,ff:ff:ff:ff:ff:ff,802.11,207,"Beacon Frame, SSID='Hidden'",N/A
1756154854.1674178,N/A,N/A,a0:14:3d:ed:92:14,ff:ff:ff:ff:ff:ff,802.11,207,"Beacon Frame, SSID='Hidden'",N/A
1756154854.2667522,N/A,N/A,a0:14:3d:ed:92:14,ff:ff:ff:ff:ff:ff,802.11,207,"Beacon Frame, SSID='Hidden'",N/A
1756154854.3714366,N/A,N/A,a0:14:3d:ed:92:14,ff:ff:ff:ff:ff:ff,802.11,207,"Beacon Frame, SSID='Hidden'",N/A
1756154854.4712124,N/A,N/A,a0:14:3d:ed:92:14,ff:ff:ff:ff:ff:ff,802.11,207,"Beacon Frame, SSID='Hidden'",N/A
1756154854.573153,N/A,N/A,a0:14:3d:ed:92:14,ff:ff:ff:ff:ff:ff,802.11,207,"Beacon Frame, SSID='Hidden'",N/A
1756154854.6812918,N/A,N/A,a0:14:3d:ed:92:14,ff:ff:ff:ff:ff:ff,802.11,207,"Beacon Frame, SSID='Hidden'",N/A
1756154854.7789054,N/A,N/A,a0:14:3d:ed:92:14,ff:ff:ff:ff:ff:ff,802.11,207,"Beacon Frame, SSID='Hidden'",N/A
1756154854.882236,N/A,N/A,a0:14:3d:ed:92:14,ff:ff:ff:ff:ff:ff,802.11,207,"Beacon Frame, SSID='Hidden'",N/A
1756154854.9855435,N/A,N/A,a0:14:3d:ed:92:14,ff:ff:ff:ff:ff:ff,802.11,207,"Beacon Frame, SSID='Hidden'",N/A
1756154855.0860658,N/A,N/A,a0:14:3d:ed:92:14,ff:ff:ff:ff:ff:ff,802.11,207,"Beacon Frame, SSID='Hidden'",N/A
1756154855.1918151,N/A,N/A,a0:14:3d:ed:92:14,ff:ff:ff:ff:ff:ff,802.11,207,"Beacon Frame, SSID='Hidden'",N/A
1756154855.2913575,N/A,N/A,a0:14:3d:ed:92:14,ff:ff:ff:ff:ff:ff,802.11,207,"Beacon Frame, SSID='Hidden'",N/A
1756154855.3942802,N/A,N/A,a0:14:3d:ed:92:14,ff:ff:ff:ff:ff:ff,802.11,207,"Beacon Frame, SSID='Hidden'",N/A
1756154855.4976344,N/A,N/A,a0:14:3d:ed:92:14,ff:ff:ff:ff:ff:ff,802.11,207,"Beacon Frame, SSID='Hidden'",N/A
1756154855.5983176,N/A,N/A,a0:14:3d:ed:92:14,ff:ff:ff:ff:ff:ff,802.11,207,"Beacon Frame, SSID='Hidden'",N/A
1756154855.701712,N/A,N/A,a0:14:3d:ed:92:14,ff:ff:ff:ff:ff:ff,802.11,207,"Beacon Frame, SSID='Hidden'",N/A
1756154855.8050077,N/A,N/A,a0:14:3d:ed:92:14,ff:ff:ff:ff:ff:ff,802.11,207,"Beacon Frame, SSID='Hidden'",N/A
1756154855.9063947,N/A,N/A,a0:14:3d:ed:92:14,ff:ff:ff:ff:ff:ff,802.11,207,"Beacon Frame, SSID='Hidden'",N/A
1756154856.0087457,N/A,N/A,a0:14:3d:ed:92:14,ff:ff:ff:ff:ff:ff,802.11,207,"Beacon Frame, SSID='Hidden'",N/A
1756154856.110839,N/A,N/A,a0:14:3d:ed:92:14,ff:ff:ff:ff:ff:ff,802.11,207,"Beacon Frame, SSID='Hidden'",N/A
1756154856.1838303,N/A,N/A,a0:14:3d:ed:92:14,68:c6:ac:98:80:e6,802.11,201,Probe Response,N/A
1756154856.1856918,N/A,N/A,,a0:14:3d:ed:92:14,802.11,50,RadioTap / 802.11 Control Ack 00:00:00:00:00:00 (TA) > a0:14:3d:ed:92:14 (RA),N/A
1756154856.2136872,N/A,N/A,a0:14:3d:ed:92:14,ff:ff:ff:ff:ff:ff,802.11,207,"Beacon Frame, SSID='Hidden'",N/A
1756154856.3165975,N/A,N/A,a0:14:3d:ed:92:14,ff:ff:ff:ff:ff:ff,802.11,207,"Beacon Frame, SSID='Hidden'",N/A
1756154856.4193273,N/A,N/A,a0:14:3d:ed:92:14,ff:ff:ff:ff:ff:ff,802.11,207,"Beacon Frame, SSID='Hidden'",N/A
1756154856.5219383,N/A,N/A,a0:14:3d:ed:92:14,ff:ff:ff:ff:ff:ff,802.11,207,"Beacon Frame, SSID='Hidden'",N/A
1756154856.7276776,N/A,N/A,a0:14:3d:ed:92:14,ff:ff:ff:ff:ff:ff,802.11,207,"Beacon Frame, SSID='Hidden'",N/A
1756154856.8320355,N/A,N/A,a0:14:3d:ed:92:14,ff:ff:ff:ff:ff:ff,802.11,207,"Beacon Frame, SSID='Hidden'",N/A
1756154856.92973,N/A,N/A,a0:14:3d:ed:92:14,ff:ff:ff:ff:ff:ff,802.11,207,"Beacon Frame, SSID='Hidden'",N/A
1756154857.0206232,N/A,N/A,a0:14:3d:ed:92:14,a6:67:43:f9:71:12,802.11,201,Probe Response,N/A
1756154857.0265217,N/A,N/A,a0:14:3d:ed:92:14,a6:67:43:f9:71:12,802.11,201,Probe Response,N/A
1756154857.038853,N/A,N/A,a0:14:3d:ed:92:14,ff:ff:ff:ff:ff:ff,802.11,207,"Beacon Frame, SSID='Hidden'",N/A
1756154857.135531,N/A,N/A,a0:14:3d:ed:92:14,ff:ff:ff:ff:ff:ff,802.11,207,"Beacon Frame, SSID='Hidden'",N/A
1756154857.2375937,N/A,N/A,a0:14:3d:ed:92:14,ff:ff:ff:ff:ff:ff,802.11,207,"Beacon Frame, SSID='Hidden'",N/A
1756154857.3405108,N/A,N/A,a0:14:3d:ed:92:14,ff:ff:ff:ff:ff:ff,802.11,207,"Beacon Frame, SSID='Hidden'",N/A
1756154857.4426985,N/A,N/A,a0:14:3d:ed:92:14,ff:ff:ff:ff:ff:ff,802.11,207,"Beacon Frame, SSID='Hidden'",N/A
1756154857.5451128,N/A,N/A,a0:14:3d:ed:92:14,ff:ff:ff:ff:ff:ff,802.11,207,"Beacon Frame, SSID='Hidden'",N/A
1756154857.6494863,N/A,N/A,a0:14:3d:ed:92:14,ff:ff:ff:ff:ff:ff,802.11,207,"Beacon Frame, SSID='Hidden'",N/A
1756154857.7492578,N/A,N/A,a0:14:3d:ed:92:14,ff:ff:ff:ff:ff:ff,802.11,207,"Beacon Frame, SSID='Hidden'",N/A
1756154857.8531637,N/A,N/A,a0:14:3d:ed:92:14,ff:ff:ff:ff:ff:ff,802.11,207,"Beacon Frame, SSID='Hidden'",N/A
1756154857.9545636,N/A,N/A,a0:14:3d:ed:92:14,ff:ff:ff:ff:ff:ff,802.11,207,"Beacon Frame, SSID='Hidden'",N/A
1756154858.0570996,N/A,N/A,a0:14:3d:ed:92:14,ff:ff:ff:ff:ff:ff,802.11,207,"Beacon Frame, SSID='Hidden'",N/A
1756154858.16048,N/A,N/A,a0:14:3d:ed:92:14,ff:ff:ff:ff:ff:ff,802.11,207,"Beacon Frame, SSID='Hidden'",N/A
1756154858.2620718,N/A,N/A,a0:14:3d:ed:92:14,ff:ff:ff:ff:ff:ff,802.11,207,"Beacon Frame, SSID='Hidden'",N/A
1756154858.368345,N/A,N/A,a0:14:3d:ed:92:14,ff:ff:ff:ff:ff:ff,802.11,207,"Beacon Frame, SSID='Hidden'",N/A
1756154858.4691453,N/A,N/A,a0:14:3d:ed:92:14,ff:ff:ff:ff:ff:ff,802.11,207,"Beacon Frame, SSID='Hidden'",N/A
1756154858.5710878,N/A,N/A,a0:14:3d:ed:92:14,ff:ff:ff:ff:ff:ff,802.11,207,"Beacon Frame, SSID='Hidden'",N/A
1756154858.6721213,N/A,N/A,a0:14:3d:ed:92:14,ff:ff:ff:ff:ff:ff,802.11,207,"Beacon Frame, SSID='Hidden'",N/A
1756154858.7002594,N/A,N/A,a0:14:3d:ed:92:14,c0:b5:d7:87:f1:5f,802.11,201,Probe Response,N/A
1756154858.7023013,N/A,N/A,a0:14:3d:ed:92:14,c0:b5:d7:87:f1:5f,802.11,201,Probe Response,N/A
1756154858.70531,N/A,N/A,,a0:14:3d:ed:92:14,802.11,50,RadioTap / 802.11 Control Ack 00:00:00:00:00:00 (TA) > a0:14:3d:ed:92:14 (RA),N/A
1756154858.726846,N/A,N/A,a0:14:3d:ed:92:14,c0:b5:d7:87:f1:5f,802.11,201,Probe Response,N/A
1756154858.7279727,N/A,N/A,,a0:14:3d:ed:92:14,802.11,50,RadioTap / 802.11 Control Ack 00:00:00:00:00:00 (TA) > a0:14:3d:ed:92:14 (RA),N/A
1756154858.7774644,N/A,N/A,a0:14:3d:ed:92:14,ff:ff:ff:ff:ff:ff,802.11,207,"Beacon Frame, SSID='Hidden'",N/A
1756154858.8201253,N/A,N/A,a0:14:3d:ed:92:14,c0:b5:d7:87:f1:5f,802.11,201,Probe Response,N/A
1756154858.8215435,N/A,N/A,a0:14:3d:ed:92:14,c0:b5:d7:87:f1:5f,802.11,201,Probe Response,N/A
1756154858.8236625,N/A,N/A,a0:14:3d:ed:92:14,c0:b5:d7:87:f1:5f,802.11,201,Probe Response,N/A
1756154858.8501863,N/A,N/A,a0:14:3d:ed:92:14,c0:b5:d7:87:f1:5f,802.11,201,Probe Response,N/A
1756154858.85282,N/A,N/A,a0:14:3d:ed:92:14,c0:b5:d7:87:f1:5f,802.11,201,Probe Response,N/A
1756154858.8552778,N/A,N/A,,a0:14:3d:ed:92:14,802.11,50,RadioTap / 802.11 Control Ack 00:00:00:00:00:00 (TA) > a0:14:3d:ed:92:14 (RA),N/A
1756154858.8795807,N/A,N/A,a0:14:3d:ed:92:14,ff:ff:ff:ff:ff:ff,802.11,207,"Beacon Frame, SSID='Hidden'",N/A
1756154858.9811926,N/A,N/A,a0:14:3d:ed:92:14,ff:ff:ff:ff:ff:ff,802.11,207,"Beacon Frame, SSID='Hidden'",N/A
1756154859.082188,N/A,N/A,a0:14:3d:ed:92:14,ff:ff:ff:ff:ff:ff,802.11,207,"Beacon Frame, SSID='Hidden'",N/A
1756154859.1358628,N/A,N/A,a0:14:3d:ed:92:14,c0:b5:d7:87:f1:5f,802.11,201,Probe Response,N/A
1756154859.1382477,N/A,N/A,a0:14:3d:ed:92:14,c0:b5:d7:87:f1:5f,802.11,201,Probe Response,N/A
1756154859.138255,N/A,N/A,a0:14:3d:ed:92:14,c0:b5:d7:87:f1:5f,802.11,201,Probe Response,N/A
1756154859.165008,N/A,N/A,a0:14:3d:ed:92:14,c0:b5:d7:87:f1:5f,802.11,201,Probe Response,N/A
1756154859.1669364,N/A,N/A,,a0:14:3d:ed:92:14,802.11,50,RadioTap / 802.11 Control Ack 00:00:00:00:00:00 (TA) > a0:14:3d:ed:92:14 (RA),N/A
1756154859.1845636,N/A,N/A,a0:14:3d:ed:92:14,ff:ff:ff:ff:ff:ff,802.11,207,"Beacon Frame, SSID='Hidden'",N/A
1756154859.289144,N/A,N/A,a0:14:3d:ed:92:14,ff:ff:ff:ff:ff:ff,802.11,207,"Beacon Frame, SSID='Hidden'",N/A
1756154859.3905556,N/A,N/A,a0:14:3d:ed:92:14,ff:ff:ff:ff:ff:ff,802.11,207,"Beacon Frame, SSID='Hidden'",N/A
1756154859.444012,N/A,N/A,a0:14:3d:ed:92:14,b6:b3:2f:fa:36:04,802.11,201,Probe Response,N/A
1756154859.4445584,N/A,N/A,a0:14:3d:ed:92:14,b6:b3:2f:fa:36:04,802.11,201,Probe Response,N/A
1756154859.4455357,N/A,N/A,,a0:14:3d:ed:92:14,802.11,50,RadioTap / 802.11 Control Ack 00:00:00:00:00:00 (TA) > a0:14:3d:ed:92:14 (RA),N/A
1756154859.4673676,N/A,N/A,a0:14:3d:ed:92:14,b6:b3:2f:fa:36:04,802.11,201,Probe Response,N/A
1756154859.469137,N/A,N/A,,a0:14:3d:ed:92:14,802.11,50,RadioTap / 802.11 Control Ack 00:00:00:00:00:00 (TA) > a0:14:3d:ed:92:14 (RA),N/A
1756154859.4918432,N/A,N/A,a0:14:3d:ed:92:14,ff:ff:ff:ff:ff:ff,802.11,207,"Beacon Frame, SSID='Hidden'",N/A
1756154859.5982099,N/A,N/A,a0:14:3d:ed:92:14,ff:ff:ff:ff:ff:ff,802.11,207,"Beacon Frame, SSID='Hidden'",N/A
1756154859.698,N/A,N/A,a0:14:3d:ed:92:14,ff:ff:ff:ff:ff:ff,802.11,207,"Beacon Frame, SSID='Hidden'",N/A
1756154859.8012235,N/A,N/A,a0:14:3d:ed:92:14,ff:ff:ff:ff:ff:ff,802.11,207,"Beacon Frame, SSID='Hidden'",N/A
1756154859.9037333,N/A,N/A,a0:14:3d:ed:92:14,ff:ff:ff:ff:ff:ff,802.11,207,"Beacon Frame, SSID='Hidden'",N/A
1756154860.004575,N/A,N/A,a0:14:3d:ed:92:14,ff:ff:ff:ff:ff:ff,802.11,207,"Beacon Frame, SSID='Hidden'",N/A
1756154860.1145935,N/A,N/A,a0:14:3d:ed:92:14,ff:ff:ff:ff:ff:ff,802.11,207,"Beacon Frame, SSID='Hidden'",N/A
1756154860.2213917,N/A,N/A,a0:14:3d:ed:92:14,ff:ff:ff:ff:ff:ff,802.11,207,"Beacon Frame, SSID='Hidden'",N/A
1756154860.3170712,N/A,N/A,a0:14:3d:ed:92:14,ff:ff:ff:ff:ff:ff,802.11,207,"Beacon Frame, SSID='Hidden'",N/A
1756154860.4204624,N/A,N/A,a0:14:3d:ed:92:14,ff:ff:ff:ff:ff:ff,802.11,207,"Beacon Frame, SSID='Hidden'",N/A
1756154860.5184782,N/A,N/A,a0:14:3d:ed:92:14,ff:ff:ff:ff:ff:ff,802.11,207,"Beacon Frame, SSID='Hidden'",N/A
1756154860.621639,N/A,N/A,a0:14:3d:ed:92:14,ff:ff:ff:ff:ff:ff,802.11,207,"Beacon Frame, SSID='Hidden'",N/A
1756154860.7221127,N/A,N/A,a0:14:3d:ed:92:14,ff:ff:ff:ff:ff:ff,802.11,207,"Beacon Frame, SSID='Hidden'",N/A
1756154860.82365,N/A,N/A,a0:14:3d:ed:92:14,ff:ff:ff:ff:ff:ff,802.11,207,"Beacon Frame, SSID='Hidden'",N/A
1756154860.9253979,N/A,N/A,a0:14:3d:ed:92:14,ff:ff:ff:ff:ff:ff,802.11,207,"Beacon Frame, SSID='Hidden'",N/A
1756154861.0351412,N/A,N/A,a0:14:3d:ed:92:14,ff:ff:ff:ff:ff:ff,802.11,207,"Beacon Frame, SSID='Hidden'",N/A
1756154861.1313004,N/A,N/A,a0:14:3d:ed:92:14,ff:ff:ff:ff:ff:ff,802.11,207,"Beacon Frame, SSID='Hidden'",N/A
1756154861.2373497,N/A,N/A,a0:14:3d:ed:92:14,ff:ff:ff:ff:ff:ff,802.11,207,"Beacon Frame, SSID='Hidden'",N/A
1756154861.3366637,N/A,N/A,a0:14:3d:ed:92:14,ff:ff:ff:ff:ff:ff,802.11,207,"Beacon Frame, SSID='Hidden'",N/A
1756154861.4393044,N/A,N/A,a0:14:3d:ed:92:14,ff:ff:ff:ff:ff:ff,802.11,207,"Beacon Frame, SSID='Hidden'",N/A
1756154861.5447843,N/A,N/A,a0:14:3d:ed:92:14,ff:ff:ff:ff:ff:ff,802.11,207,"Beacon Frame, SSID='Hidden'",N/A
1756154861.644624,N/A,N/A,a0:14:3d:ed:92:14,ff:ff:ff:ff:ff:ff,802.11,207,"Beacon Frame, SSID='Hidden'",N/A
1756154861.7065692,N/A,N/A,a0:14:3d:ed:92:14,6e:b5:3e:f3:16:80,802.11,201,Probe Response,N/A
1756154861.708003,N/A,N/A,a0:14:3d:ed:92:14,6e:b5:3e:f3:16:80,802.11,201,Probe Response,N/A
1756154861.7098987,N/A,N/A,,a0:14:3d:ed:92:14,802.11,50,RadioTap / 802.11 Control Ack 00:00:00:00:00:00 (TA) > a0:14:3d:ed:92:14 (RA),N/A
1756154861.7267034,N/A,N/A,a0:14:3d:ed:92:14,6e:b5:3e:f3:16:80,802.11,201,Probe Response,N/A
1756154861.729713,N/A,N/A,,a0:14:3d:ed:92:14,802.11,50,RadioTap / 802.11 Control Ack 00:00:00:00:00:00 (TA) > a0:14:3d:ed:92:14 (RA),N/A
1756154861.7459314,N/A,N/A,a0:14:3d:ed:92:14,ff:ff:ff:ff:ff:ff,802.11,207,"Beacon Frame, SSID='Hidden'",N/A
1756154861.8514376,N/A,N/A,a0:14:3d:ed:92:14,ff:ff:ff:ff:ff:ff,802.11,207,"Beacon Frame, SSID='Hidden'",N/A
1756154861.9509747,N/A,N/A,a0:14:3d:ed:92:14,ff:ff:ff:ff:ff:ff,802.11,207,"Beacon Frame, SSID='Hidden'",N/A
1756154862.0558271,N/A,N/A,a0:14:3d:ed:92:14,ff:ff:ff:ff:ff:ff,802.11,207,"Beacon Frame, SSID='Hidden'",N/A
1756154862.1559136,N/A,N/A,a0:14:3d:ed:92:14,ff:ff:ff:ff:ff:ff,802.11,207,"Beacon Frame, SSID='Hidden'",N/A
1756154862.259896,N/A,N/A,a0:14:3d:ed:92:14,ff:ff:ff:ff:ff:ff,802.11,207,"Beacon Frame, SSID='Hidden'",N/A
1756154862.36412,N/A,N/A,a0:14:3d:ed:92:14,ff:ff:ff:ff:ff:ff,802.11,207,"Beacon Frame, SSID='Hidden'",N/A
1756154862.4634964,N/A,N/A,a0:14:3d:ed:92:14,ff:ff:ff:ff:ff:ff,802.11,207,"Beacon Frame, SSID='Hidden'",N/A
1756154862.565548,N/A,N/A,a0:14:3d:ed:92:14,ff:ff:ff:ff:ff:ff,802.11,207,"Beacon Frame, SSID='Hidden'",N/A
1756154862.668712,N/A,N/A,a0:14:3d:ed:92:14,ff:ff:ff:ff:ff:ff,802.11,207,"Beacon Frame, SSID='Hidden'",N/A
1756154862.775963,N/A,N/A,a0:14:3d:ed:92:14,ff:ff:ff:ff:ff:ff,802.11,207,"Beacon Frame, SSID='Hidden'",N/A
1756154862.8752446,N/A,N/A,a0:14:3d:ed:92:14,ff:ff:ff:ff:ff:ff,802.11,207,"Beacon Frame, SSID='Hidden'",N/A
1756154862.9758725,N/A,N/A,a0:14:3d:ed:92:14,ff:ff:ff:ff:ff:ff,802.11,207,"Beacon Frame, SSID='Hidden'",N/A
1756154863.0811124,N/A,N/A,a0:14:3d:ed:92:14,ff:ff:ff:ff:ff:ff,802.11,207,"Beacon Frame, SSID='Hidden'",N/A
1756154863.1844203,N/A,N/A,a0:14:3d:ed:92:14,ff:ff:ff:ff:ff:ff,802.11,207,"Beacon Frame, SSID='Hidden'",N/A
1756154863.2835371,N/A,N/A,a0:14:3d:ed:92:14,ff:ff:ff:ff:ff:ff,802.11,207,"Beacon Frame, SSID='Hidden'",N/A
1756154863.3884904,N/A,N/A,a0:14:3d:ed:92:14,ff:ff:ff:ff:ff:ff,802.11,207,"Beacon Frame, SSID='Hidden'",N/A
1756154863.488031,N/A,N/A,a0:14:3d:ed:92:14,ff:ff:ff:ff:ff:ff,802.11,207,"Beacon Frame, SSID='Hidden'",N/A
1756154863.58995,N/A,N/A,a0:14:3d:ed:92:14,ff:ff:ff:ff:ff:ff,802.11,207,"Beacon Frame, SSID='Hidden'",N/A
1756154863.6924975,N/A,N/A,a0:14:3d:ed:92:14,ff:ff:ff:ff:ff:ff,802.11,207,"Beacon Frame, SSID='Hidden'",N/A
1756154863.7958655,N/A,N/A,a0:14:3d:ed:92:14,ff:ff:ff:ff:ff:ff,802.11,207,"Beacon Frame, SSID='Hidden'",N/A
1756154863.8975651,N/A,N/A,a0:14:3d:ed:92:14,ff:ff:ff:ff:ff:ff,802.11,207,"Beacon Frame, SSID='Hidden'",N/A
1756154864.0012088,N/A,N/A,a0:14:3d:ed:92:14,ff:ff:ff:ff:ff:ff,802.11,207,"Beacon Frame, SSID='Hidden'",N/A
1756154864.1048856,N/A,N/A,a0:14:3d:ed:92:14,ff:ff:ff:ff:ff:ff,802.11,207,"Beacon Frame, SSID='Hidden'",N/A
1756154864.204273,N/A,N/A,a0:14:3d:ed:92:14,ff:ff:ff:ff:ff:ff,802.11,207,"Beacon Frame, SSID='Hidden'",N/A
1756154864.3116546,N/A,N/A,a0:14:3d:ed:92:14,ff:ff:ff:ff:ff:ff,802.11,207,"Beacon Frame, SSID='Hidden'",N/A
1756154864.410018,N/A,N/A,a0:14:3d:ed:92:14,ff:ff:ff:ff:ff:ff,802.11,207,"Beacon Frame, SSID='Hidden'",N/A
1756154864.512204,N/A,N/A,a0:14:3d:ed:92:14,ff:ff:ff:ff:ff:ff,802.11,207,"Beacon Frame, SSID='Hidden'",N/A
1756154864.6146646,N/A,N/A,a0:14:3d:ed:92:14,ff:ff:ff:ff:ff:ff,802.11,207,"Beacon Frame, SSID='Hidden'",N/A
1756154864.7164965,N/A,N/A,a0:14:3d:ed:92:14,ff:ff:ff:ff:ff:ff,802.11,207,"Beacon Frame, SSID='Hidden'",N/A
1756154864.8206298,N/A,N/A,a0:14:3d:ed:92:14,ff:ff:ff:ff:ff:ff,802.11,207,"Beacon Frame, SSID='Hidden'",N/A
1756154864.9239764,N/A,N/A,a0:14:3d:ed:92:14,ff:ff:ff:ff:ff:ff,802.11,207,"Beacon Frame, SSID='Hidden'",N/A
1756154865.0247629,N/A,N/A,a0:14:3d:ed:92:14,ff:ff:ff:ff:ff:ff,802.11,207,"Beacon Frame, SSID='Hidden'",N/A
1756154865.128215,N/A,N/A,a0:14:3d:ed:92:14,ff:ff:ff:ff:ff:ff,802.11,207,"Beacon Frame, SSID='Hidden'",N/A
1756154865.2345712,N/A,N/A,a0:14:3d:ed:92:14,ff:ff:ff:ff:ff:ff,802.11,207,"Beacon Frame, SSID='Hidden'",N/A
1756154865.3317072,N/A,N/A,a0:14:3d:ed:92:14,ff:ff:ff:ff:ff:ff,802.11,207,"Beacon Frame, SSID='Hidden'",N/A
1756154865.4360642,N/A,N/A,a0:14:3d:ed:92:14,ff:ff:ff:ff:ff:ff,802.11,207,"Beacon Frame, SSID='Hidden'",N/A
1756154865.5365083,N/A,N/A,a0:14:3d:ed:92:14,ff:ff:ff:ff:ff:ff,802.11,207,"Beacon Frame, SSID='Hidden'",N/A
1756154865.6165562,N/A,N/A,a0:14:3d:ed:92:14,12:36:d5:5e:48:d4,802.11,201,Probe Response,N/A
1756154865.6169088,N/A,N/A,,a0:14:3d:ed:92:14,802.11,50,RadioTap / 802.11 Control Ack 00:00:00:00:00:00 (TA) > a0:14:3d:ed:92:14 (RA),N/A
1756154865.6265726,N/A,N/A,a0:14:3d:ed:92:14,12:36:d5:5e:48:d4,802.11,201,Probe Response,N/A
1756154865.6265738,N/A,N/A,,a0:14:3d:ed:92:14,802.11,50,RadioTap / 802.11 Control Ack 00:00:00:00:00:00 (TA) > a0:14:3d:ed:92:14 (RA),N/A
1756154865.6423302,N/A,N/A,a0:14:3d:ed:92:14,ff:ff:ff:ff:ff:ff,802.11,207,"Beacon Frame, SSID='Hidden'",N/A
1756154865.7419412,N/A,N/A,a0:14:3d:ed:92:14,ff:ff:ff:ff:ff:ff,802.11,207,"Beacon Frame, SSID='Hidden'",N/A
1756154865.8462176,N/A,N/A,a0:14:3d:ed:92:14,ff:ff:ff:ff:ff:ff,802.11,207,"Beacon Frame, SSID='Hidden'",N/A
1756154865.9468863,N/A,N/A,a0:14:3d:ed:92:14,ff:ff:ff:ff:ff:ff,802.11,207,"Beacon Frame, SSID='Hidden'",N/A
1756154866.0505486,N/A,N/A,a0:14:3d:ed:92:14,ff:ff:ff:ff:ff:ff,802.11,207,"Beacon Frame, SSID='Hidden'",N/A
1756154866.1509671,N/A,N/A,a0:14:3d:ed:92:14,ff:ff:ff:ff:ff:ff,802.11,207,"Beacon Frame, SSID='Hidden'",N/A
1756154866.256696,N/A,N/A,a0:14:3d:ed:92:14,ff:ff:ff:ff:ff:ff,802.11,207,"Beacon Frame, SSID='Hidden'",N/A
1756154866.355688,N/A,N/A,a0:14:3d:ed:92:14,ff:ff:ff:ff:ff:ff,802.11,207,"Beacon Frame, SSID='Hidden'",N/A
1756154866.4586453,N/A,N/A,a0:14:3d:ed:92:14,ff:ff:ff:ff:ff:ff,802.11,207,"Beacon Frame, SSID='Hidden'",N/A
1756154866.5656173,N/A,N/A,a0:14:3d:ed:92:14,ff:ff:ff:ff:ff:ff,802.11,207,"Beacon Frame, SSID='Hidden'",N/A
1756154866.664751,N/A,N/A,a0:14:3d:ed:92:14,ff:ff:ff:ff:ff:ff,802.11,207,"Beacon Frame, SSID='Hidden'",N/A
1756154866.7658827,N/A,N/A,a0:14:3d:ed:92:14,ff:ff:ff:ff:ff:ff,802.11,207,"Beacon Frame, SSID='Hidden'",N/A
1756154866.8686304,N/A,N/A,a0:14:3d:ed:92:14,ff:ff:ff:ff:ff:ff,802.11,207,"Beacon Frame, SSID='Hidden'",N/A
1756154866.9715896,N/A,N/A,a0:14:3d:ed:92:14,ff:ff:ff:ff:ff:ff,802.11,207,"Beacon Frame, SSID='Hidden'",N/A
1756154867.0740497,N/A,N/A,a0:14:3d:ed:92:14,ff:ff:ff:ff:ff:ff,802.11,207,"Beacon Frame, SSID='Hidden'",N/A
1756154867.1781564,N/A,N/A,a0:14:3d:ed:92:14,ff:ff:ff:ff:ff:ff,802.11,207,"Beacon Frame, SSID='Hidden'",N/A
1756154867.2814589,N/A,N/A,a0:14:3d:ed:92:14,ff:ff:ff:ff:ff:ff,802.11,207,"Beacon Frame, SSID='Hidden'",N/A
1756154867.384195,N/A,N/A,a0:14:3d:ed:92:14,ff:ff:ff:ff:ff:ff,802.11,207,"Beacon Frame, SSID='Hidden'",N/A
1756154867.483697,N/A,N/A,a0:14:3d:ed:92:14,ff:ff:ff:ff:ff:ff,802.11,207,"Beacon Frame, SSID='Hidden'",N/A
1756154867.58599,N/A,N/A,a0:14:3d:ed:92:14,ff:ff:ff:ff:ff:ff,802.11,207,"Beacon Frame, SSID='Hidden'",N/A
1756154867.687751,N/A,N/A,a0:14:3d:ed:92:14,ff:ff:ff:ff:ff:ff,802.11,207,"Beacon Frame, SSID='Hidden'",N/A
1756154867.7915187,N/A,N/A,a0:14:3d:ed:92:14,ff:ff:ff:ff:ff:ff,802.11,207,"Beacon Frame, SSID='Hidden'",N/A
1756154867.8931956,N/A,N/A,a0:14:3d:ed:92:14,ff:ff:ff:ff:ff:ff,802.11,207,"Beacon Frame, SSID='Hidden'",N/A
1756154867.9969923,N/A,N/A,a0:14:3d:ed:92:14,ff:ff:ff:ff:ff:ff,802.11,207,"Beacon Frame, SSID='Hidden'",N/A
1756154868.0988724,N/A,N/A,a0:14:3d:ed:92:14,ff:ff:ff:ff:ff:ff,802.11,207,"Beacon Frame, SSID='Hidden'",N/A
1756154868.200527,N/A,N/A,a0:14:3d:ed:92:14,ff:ff:ff:ff:ff:ff,802.11,207,"Beacon Frame, SSID='Hidden'",N/A
1756154868.4087791,N/A,N/A,a0:14:3d:ed:92:14,ff:ff:ff:ff:ff:ff,802.11,207,"Beacon Frame, SSID='Hidden'",N/A
1756154868.5098393,N/A,N/A,a0:14:3d:ed:92:14,ff:ff:ff:ff:ff:ff,802.11,207,"Beacon Frame, SSID='Hidden'",N/A
1756154868.6111057,N/A,N/A,a0:14:3d:ed:92:14,ff:ff:ff:ff:ff:ff,802.11,207,"Beacon Frame, SSID='Hidden'",N/A
1756154868.7132788,N/A,N/A,a0:14:3d:ed:92:14,ff:ff:ff:ff:ff:ff,802.11,207,"Beacon Frame, SSID='Hidden'",N/A
1756154868.816467,N/A,N/A,a0:14:3d:ed:92:14,ff:ff:ff:ff:ff:ff,802.11,207,"Beacon Frame, SSID='Hidden'",N/A
1756154868.9180012,N/A,N/A,a0:14:3d:ed:92:14,ff:ff:ff:ff:ff:ff,802.11,207,"Beacon Frame, SSID='Hidden'",N/A
1756154869.021489,N/A,N/A,a0:14:3d:ed:92:14,ff:ff:ff:ff:ff:ff,802.11,207,"Beacon Frame, SSID='Hidden'",N/A
1756154869.1229491,N/A,N/A,a0:14:3d:ed:92:14,ff:ff:ff:ff:ff:ff,802.11,207,"Beacon Frame, SSID='Hidden'",N/A
1756154869.2245834,N/A,N/A,a0:14:3d:ed:92:14,ff:ff:ff:ff:ff:ff,802.11,207,"Beacon Frame, SSID='Hidden'",N/A
1756154869.3314223,N/A,N/A,a0:14:3d:ed:92:14,ff:ff:ff:ff:ff:ff,802.11,207,"Beacon Frame, SSID='Hidden'",N/A
1756154869.4301727,N/A,N/A,a0:14:3d:ed:92:14,ff:ff:ff:ff:ff:ff,802.11,207,"Beacon Frame, SSID='Hidden'",N/A
1756154869.5330224,N/A,N/A,a0:14:3d:ed:92:14,ff:ff:ff:ff:ff:ff,802.11,207,"Beacon Frame, SSID='Hidden'",N/A
1756154869.6354392,N/A,N/A,a0:14:3d:ed:92:14,ff:ff:ff:ff:ff:ff,802.11,207,"Beacon Frame, SSID='Hidden'",N/A
1756154869.741451,N/A,N/A,a0:14:3d:ed:92:14,ff:ff:ff:ff:ff:ff,802.11,207,"Beacon Frame, SSID='Hidden'",N/A
1756154869.8402092,N/A,N/A,a0:14:3d:ed:92:14,ff:ff:ff:ff:ff:ff,802.11,207,"Beacon Frame, SSID='Hidden'",N/A
1756154869.9440198,N/A,N/A,a0:14:3d:ed:92:14,ff:ff:ff:ff:ff:ff,802.11,207,"Beacon Frame, SSID='Hidden'",N/A
1756154870.0461495,N/A,N/A,a0:14:3d:ed:92:14,ff:ff:ff:ff:ff:ff,802.11,207,"Beacon Frame, SSID='Hidden'",N/A
1756154870.1484134,N/A,N/A,a0:14:3d:ed:92:14,ff:ff:ff:ff:ff:ff,802.11,207,"Beacon Frame, SSID='Hidden'",N/A
1756154870.2498214,N/A,N/A,a0:14:3d:ed:92:14,ff:ff:ff:ff:ff:ff,802.11,207,"Beacon Frame, SSID='Hidden'",N/A
1756154870.3518858,N/A,N/A,a0:14:3d:ed:92:14,ff:ff:ff:ff:ff:ff,802.11,207,"Beacon Frame, SSID='Hidden'",N/A
1756154870.4551973,N/A,N/A,a0:14:3d:ed:92:14,ff:ff:ff:ff:ff:ff,802.11,207,"Beacon Frame, SSID='Hidden'",N/A
1756154870.557626,N/A,N/A,a0:14:3d:ed:92:14,ff:ff:ff:ff:ff:ff,802.11,207,"Beacon Frame, SSID='Hidden'",N/A
1756154870.660475,N/A,N/A,a0:14:3d:ed:92:14,ff:ff:ff:ff:ff:ff,802.11,207,"Beacon Frame, SSID='Hidden'",N/A
1756154870.763717,N/A,N/A,a0:14:3d:ed:92:14,ff:ff:ff:ff:ff:ff,802.11,207,"Beacon Frame, SSID='Hidden'",N/A
1756154870.9696355,N/A,N/A,a0:14:3d:ed:92:14,ff:ff:ff:ff:ff:ff,802.11,207,"Beacon Frame, SSID='Hidden'",N/A
1756154871.074999,N/A,N/A,a0:14:3d:ed:92:14,ff:ff:ff:ff:ff:ff,802.11,207,"Beacon Frame, SSID='Hidden'",N/A
1756154871.1734452,N/A,N/A,a0:14:3d:ed:92:14,ff:ff:ff:ff:ff:ff,802.11,207,"Beacon Frame, SSID='Hidden'",N/A
1756154871.2760005,N/A,N/A,a0:14:3d:ed:92:14,ff:ff:ff:ff:ff:ff,802.11,207,"Beacon Frame, SSID='Hidden'",N/A
1756154871.3820827,N/A,N/A,a0:14:3d:ed:92:14,ff:ff:ff:ff:ff:ff,802.11,207,"Beacon Frame, SSID='Hidden'",N/A
1756154871.4809084,N/A,N/A,a0:14:3d:ed:92:14,ff:ff:ff:ff:ff:ff,802.11,207,"Beacon Frame, SSID='Hidden'",N/A
1756154871.5826938,N/A,N/A,a0:14:3d:ed:92:14,ff:ff:ff:ff:ff:ff,802.11,207,"Beacon Frame, SSID='Hidden'",N/A
1756154871.684531,N/A,N/A,a0:14:3d:ed:92:14,ff:ff:ff:ff:ff:ff,802.11,207,"Beacon Frame, SSID='Hidden'",N/A
1756154871.7890246,N/A,N/A,a0:14:3d:ed:92:14,ff:ff:ff:ff:ff:ff,802.11,207,"Beacon Frame, SSID='Hidden'",N/A
1756154871.8885157,N/A,N/A,a0:14:3d:ed:92:14,ff:ff:ff:ff:ff:ff,802.11,207,"Beacon Frame, SSID='Hidden'",N/A
1756154871.9905307,N/A,N/A,a0:14:3d:ed:92:14,ff:ff:ff:ff:ff:ff,802.11,207,"Beacon Frame, SSID='Hidden'",N/A
1756154872.0985768,N/A,N/A,a0:14:3d:ed:92:14,ff:ff:ff:ff:ff:ff,802.11,207,"Beacon Frame, SSID='Hidden'",N/A
1756154872.1980531,N/A,N/A,a0:14:3d:ed:92:14,ff:ff:ff:ff:ff:ff,802.11,207,"Beacon Frame, SSID='Hidden'",N/A
1756154872.2991107,N/A,N/A,a0:14:3d:ed:92:14,ff:ff:ff:ff:ff:ff,802.11,207,"Beacon Frame, SSID='Hidden'",N/A
1756154872.4015841,N/A,N/A,a0:14:3d:ed:92:14,ff:ff:ff:ff:ff:ff,802.11,207,"Beacon Frame, SSID='Hidden'",N/A
1756154872.5035162,N/A,N/A,a0:14:3d:ed:92:14,ff:ff:ff:ff:ff:ff,802.11,207,"Beacon Frame, SSID='Hidden'",N/A
1756154872.6086974,N/A,N/A,a0:14:3d:ed:92:14,ff:ff:ff:ff:ff:ff,802.11,207,"Beacon Frame, SSID='Hidden'",N/A
1756154872.7100332,N/A,N/A,a0:14:3d:ed:92:14,ff:ff:ff:ff:ff:ff,802.11,207,"Beacon Frame, SSID='Hidden'",N/A
1756154872.8108091,N/A,N/A,a0:14:3d:ed:92:14,ff:ff:ff:ff:ff:ff,802.11,207,"Beacon Frame, SSID='Hidden'",N/A
1756154872.9137769,N/A,N/A,a0:14:3d:ed:92:14,ff:ff:ff:ff:ff:ff,802.11,207,"Beacon Frame, SSID='Hidden'",N/A
1756154873.0162015,N/A,N/A,a0:14:3d:ed:92:14,ff:ff:ff:ff:ff:ff,802.11,207,"Beacon Frame, SSID='Hidden'",N/A
1756154873.1205373,N/A,N/A,a0:14:3d:ed:92:14,ff:ff:ff:ff:ff:ff,802.11,207,"Beacon Frame, SSID='Hidden'",N/A
1756154873.220392,N/A,N/A,a0:14:3d:ed:92:14,ff:ff:ff:ff:ff:ff,802.11,207,"Beacon Frame, SSID='Hidden'",N/A
1756154873.3228214,N/A,N/A,a0:14:3d:ed:92:14,ff:ff:ff:ff:ff:ff,802.11,207,"Beacon Frame, SSID='Hidden'",N/A
1756154873.4298272,N/A,N/A,a0:14:3d:ed:92:14,ff:ff:ff:ff:ff:ff,802.11,207,"Beacon Frame, SSID='Hidden'",N/A
1756154873.5287611,N/A,N/A,a0:14:3d:ed:92:14,ff:ff:ff:ff:ff:ff,802.11,207,"Beacon Frame, SSID='Hidden'",N/A
1756154873.6316428,N/A,N/A,a0:14:3d:ed:92:14,ff:ff:ff:ff:ff:ff,802.11,207,"Beacon Frame, SSID='Hidden'",N/A
1756154873.736339,N/A,N/A,a0:14:3d:ed:92:14,ff:ff:ff:ff:ff:ff,802.11,207,"Beacon Frame, SSID='Hidden'",N/A
1756154873.8358724,N/A,N/A,a0:14:3d:ed:92:14,ff:ff:ff:ff:ff:ff,802.11,207,"Beacon Frame, SSID='Hidden'",N/A
1756154873.9389725,N/A,N/A,a0:14:3d:ed:92:14,ff:ff:ff:ff:ff:ff,802.11,207,"Beacon Frame, SSID='Hidden'",N/A
1756154874.0409865,N/A,N/A,a0:14:3d:ed:92:14,ff:ff:ff:ff:ff:ff,802.11,207,"Beacon Frame, SSID='Hidden'",N/A
1756154874.1433237,N/A,N/A,a0:14:3d:ed:92:14,ff:ff:ff:ff:ff:ff,802.11,207,"Beacon Frame, SSID='Hidden'",N/A
1756154874.2460055,N/A,N/A,a0:14:3d:ed:92:14,ff:ff:ff:ff:ff:ff,802.11,207,"Beacon Frame, SSID='Hidden'",N/A
1756154874.3473415,N/A,N/A,a0:14:3d:ed:92:14,ff:ff:ff:ff:ff:ff,802.11,207,"Beacon Frame, SSID='Hidden'",N/A
1756154874.4506466,N/A,N/A,a0:14:3d:ed:92:14,ff:ff:ff:ff:ff:ff,802.11,207,"Beacon Frame, SSID='Hidden'",N/A
1756154874.5529819,N/A,N/A,a0:14:3d:ed:92:14,ff:ff:ff:ff:ff:ff,802.11,207,"Beacon Frame, SSID='Hidden'",N/A
1756154874.6555035,N/A,N/A,a0:14:3d:ed:92:14,ff:ff:ff:ff:ff:ff,802.11,207,"Beacon Frame, SSID='Hidden'",N/A
1756154874.7595594,N/A,N/A,a0:14:3d:ed:92:14,ff:ff:ff:ff:ff:ff,802.11,207,"Beacon Frame, SSID='Hidden'",N/A
1756154874.8620286,N/A,N/A,a0:14:3d:ed:92:14,ff:ff:ff:ff:ff:ff,802.11,207,"Beacon Frame, SSID='Hidden'",N/A
1756154874.9632044,N/A,N/A,a0:14:3d:ed:92:14,ff:ff:ff:ff:ff:ff,802.11,207,"Beacon Frame, SSID='Hidden'",N/A
1756154875.0651634,N/A,N/A,a0:14:3d:ed:92:14,ff:ff:ff:ff:ff:ff,802.11,207,"Beacon Frame, SSID='Hidden'",N/A
1756154875.1674402,N/A,N/A,a0:14:3d:ed:92:14,ff:ff:ff:ff:ff:ff,802.11,207,"Beacon Frame, SSID='Hidden'",N/A
1756154875.27189,N/A,N/A,a0:14:3d:ed:92:14,ff:ff:ff:ff:ff:ff,802.11,207,"Beacon Frame, SSID='Hidden'",N/A
1756154875.3719492,N/A,N/A,a0:14:3d:ed:92:14,ff:ff:ff:ff:ff:ff,802.11,207,"Beacon Frame, SSID='Hidden'",N/A
1756154875.4758465,N/A,N/A,a0:14:3d:ed:92:14,ff:ff:ff:ff:ff:ff,802.11,207,"Beacon Frame, SSID='Hidden'",N/A
1756154875.5774548,N/A,N/A,a0:14:3d:ed:92:14,ff:ff:ff:ff:ff:ff,802.11,207,"Beacon Frame, SSID='Hidden'",N/A
1756154875.6794577,N/A,N/A,a0:14:3d:ed:92:14,ff:ff:ff:ff:ff:ff,802.11,207,"Beacon Frame, SSID='Hidden'",N/A
